time,0,1,2,3,4,5,6,7,8,9
0,4.4344034,4.615338,3.9684196,4.8449197,7.9663005,6.330983,6.0591793,4.501122,3.970558,5.7217364
1,4.608853,4.6569996,5.5058165,5.7145314,4.394004,4.1884756,4.7373996,5.1964746,5.686801,4.155804
2,2.260818,3.7726336,2.8649707,3.8926568,2.6424398,2.732737,3.139117,3.1538496,2.6191912,2.4822829
3,3.2596207,4.3649473,3.0997365,3.0007277,3.3944774,4.05145,3.7852402,3.8358777,3.5554147,3.250832
4,4.9930067,7.7978635,7.1886806,5.0162463,7.8648496,5.26764,8.234462,5.4549513,7.1156497,5.5640697
5,1.102089,0.8284413,2.4855828,2.7172587,4.013669,1.9252017,2.604661,1.3312039,0.9272285,0.95173734
6,0.31161,0.19070143,0.61450124,0.9801649,0.19804965,0.4361079,0.20695962,0.13523503,0.14097625,0.42862365
7,0.108996764,0.097199425,0.8111837,0.34248728,0.0821627,0.5013551,0.22531913,0.35162777,0.12927148,0.43186018
8,0.063745394,0.04405979,0.14624046,0.08121622,0.050659206,0.082862265,0.05300136,0.0688238,0.43336964,0.13556394
9,0.017992383,0.5183186,0.29700106,0.058752682,0.12196778,0.1294392,0.13830045,0.13340735,0.40249154,0.019693542
10,1.2011161,1.457482,1.2034326,1.1167183,0.20369615,0.38239956,3.0515852,1.0082717,1.7389902,2.3042157
11,2.580465,5.7891035,1.8943462,5.0292535,4.7452245,1.6255031,1.561537,1.8502433,2.535858,2.6589649
12,4.590378,4.937421,5.9165416,5.39511,4.2398067,9.006107,4.1662807,4.825821,6.6814833,4.3858905
13,4.6576123,6.451175,5.006455,4.674062,4.9555926,6.127985,4.3527765,5.209321,4.152333,6.0650907
14,4.073402,3.0337377,2.9756007,2.4681394,3.2255425,2.410245,2.5421584,2.2721372,3.5072503,3.7752151
15,3.6490314,4.375676,3.2732136,2.9673972,3.6803746,3.2351313,3.2886102,3.9518766,3.4539132,3.8006978
16,5.85289,6.574132,6.734246,6.465381,6.3361163,7.2848425,7.0675077,6.6965256,6.7829013,8.449777
17,1.7072845,2.6320863,0.72236884,4.9104495,2.0489428,0.54857,0.4265478,0.8812257,0.54462874,1.3923728
18,0.080837496,0.8324897,0.28179443,1.822628,0.0020143718,0.1573672,0.44069055,3.7264292,0.16475359,0.81514937
19,0.093427524,0.29983246,0.49662545,0.1315739,0.097528785,0.120370544,0.497078,0.6328869,0.057111736,0.1143174
20,0.28777972,0.07815744,0.404456,0.44275445,0.04874597,0.09707671,0.14762847,0.31077856,0.075517714,0.06268663
21,0.29916847,0.031337723,1.0390918,0.046554767,0.38302553,0.030947162,0.21028456,1.0288703,1.4888358,0.65797806
22,0.0776639,0.6848824,0.5224156,0.6154603,1.2596195,2.963125,1.7581446,3.6550534,0.9212997,0.44762892
23,1.2870064,8.242384,0.63555145,2.3546963,5.5413547,3.7067173,4.497948,2.3877316,5.2301145,1.8671455
24,3.4596934,6.5890665,6.1821136,4.3204794,2.8601155,6.9908338,5.3609114,2.2186322,4.8895397,4.9077597
25,5.8006415,4.585836,6.0109324,4.5211935,4.0593176,4.2401767,5.6095257,4.7862854,4.37873,4.6148944
26,2.4883711,2.5510418,5.3781757,4.1603374,3.6725352,3.3807397,4.2215476,5.3162203,3.4008372,2.7716398
27,4.394089,2.5352511,4.2167377,5.433467,4.4821734,5.2390413,3.8794997,4.324896,4.098847,3.4211695
28,5.8698573,8.371772,9.048548,5.809127,8.289873,6.9557767,7.3771067,5.9303403,6.746534,5.267888
29,2.7574499,3.594723,1.4999409,0.69643784,3.5802615,3.995487,2.8058755,3.7548318,4.6125164,5.498047
30,0.4273221,1.490987,0.22230552,0.36323664,0.39688116,1.4083359,0.064952575,0.066865414,0.08038453,0.07272721
31,0.22715656,0.08110369,0.29190895,0.20753993,0.36447766,0.3181974,0.12997577,0.1992759,0.10484719,0.30239344
32,0.074635915,0.08683997,0.09475235,0.05451513,0.15540746,0.0950609,0.06912148,0.19007738,0.12648414,0.03542123
33,0.29642683,0.146689,0.04686262,0.5591307,0.27724156,0.62898636,0.66628337,0.03437724,0.17282766,0.3390898
34,0.4569411,3.218102,1.9381778,0.68937546,1.3781282,2.415577,2.972341,2.4962564,0.35898304,0.07196273
35,6.300309,3.0934274,4.29285,2.4523265,3.567549,3.6276278,3.1145604,3.7799459,5.343986,2.9617434
36,4.283217,5.848196,4.7657723,4.090742,7.1901293,9.775714,4.4059124,11.6631565,4.42607,5.443423
37,5.2267046,3.583364,5.03211,5.3862805,5.2781196,3.9729905,5.702772,5.7802677,3.809732,4.7269087
38,3.3958838,2.0272422,2.674299,2.4725378,3.735158,3.215132,2.680121,3.2173128,2.7753525,3.2223668
39,3.8352304,3.5678189,3.4548457,4.023008,3.5209436,2.5386987,4.1292157,3.961285,3.3250673,3.9217393
40,4.941337,7.0318036,6.1376767,7.2095804,6.303709,5.606618,6.741081,6.319289,6.855435,6.149852
41,0.6775831,1.9737663,0.6418806,1.5516334,0.64291966,2.1298382,2.0700445,1.7047011,3.136585,0.5584119
42,0.13070646,0.77420247,0.12378276,0.14441589,0.16609257,0.11789215,1.0143789,0.30478606,0.50203717,0.42650905
43,0.24484521,0.11919788,0.20310959,0.31160238,0.40298426,0.304949,1.6345588,0.5453807,0.28885028,0.21215153
44,0.064521864,0.052905504,0.056784067,0.06697196,0.08383914,0.11882654,0.2212019,0.14820306,0.09003239,0.3675198
45,0.45145193,0.08507549,0.1694699,0.044355452,0.16949013,0.22815077,0.8080903,0.11315585,0.06600293,0.9394845
46,0.6147534,1.6628617,3.4561791,0.86057854,0.49819043,1.4887719,1.8025328,0.7875976,2.2066913,0.31492278
47,2.143706,3.5766346,1.9937418,4.433333,4.7156014,3.1531093,1.1549417,2.4475284,2.4210308,2.4590209
48,5.3179774,5.9545355,4.5234537,5.0446854,4.1292186,1.881645,6.517829,3.6483335,5.499832,7.1145163
49,5.481051,4.023331,5.374624,4.773412,4.8738356,4.7349043,5.3335342,5.3619485,5.7083693,3.925798
50,3.7935393,3.5544188,2.2542746,3.1787913,2.6233468,2.874382,4.351964,2.4241083,3.1102738,4.2173395
51,3.1237702,4.6756177,4.30097,4.165873,3.3368444,3.5111346,3.9530585,4.0708795,3.9973845,3.5655034
52,6.68629,7.4779563,7.4037223,6.1945796,5.4238477,7.167551,6.461877,6.299168,7.9244666,6.2833567
53,1.4951522,2.904523,0.27120832,4.2666216,0.7145078,1.7607472,1.6370035,0.57329595,2.628075,0.7340123
54,0.11218415,0.2904016,0.76314217,0.19040242,0.32116544,0.29682657,0.11562049,0.109306976,0.06047949,0.30211943
55,0.1815413,0.17530115,0.15011406,0.088101916,0.096296936,0.40256405,0.08360346,0.13441193,0.11444259,0.14628854
56,0.09807534,0.090935074,0.12950099,0.09045005,0.10716607,0.16061541,0.06397797,0.2462207,0.11321088,0.058214225
57,0.05467747,0.121469066,0.20395848,0.030568229,0.04985047,0.22011214,0.7817534,0.043809608,0.6183048,0.08380536
58,2.5805306,1.7937895,0.024954733,2.2846658,0.48763424,0.42566702,0.2322943,4.1676927,1.9606112,2.604552
59,6.4722323,0.75922704,1.4796498,3.190372,4.5360837,2.1188302,2.7967873,0.7124722,1.9587116,6.141184
60,4.88148,4.3721957,3.766998,7.038551,2.4668934,1.8609494,2.4284585,5.422997,4.4051976,2.2020633
61,4.465671,5.408536,4.7837076,3.9908564,4.266931,4.96105,4.004117,5.115909,3.6005578,4.5781674
62,3.0585096,2.649953,2.7458425,2.2888258,3.124767,2.7422614,2.4080987,2.7056475,3.6107194,2.7410064
63,3.9521399,3.9720435,3.0515761,4.288447,3.1366043,3.8250759,3.449313,3.6255815,3.0721052,4.0720234
64,6.7283154,5.571452,5.2808084,6.4348884,7.3749685,6.0544357,5.2781777,6.5751367,6.6893454,3.6505942
65,0.60576737,0.6262672,1.38693,1.3546255,2.0681741,2.1944892,4.9443007,2.0754466,3.2688947,0.3369065
66,0.1932968,0.5696846,0.04400787,0.12687868,0.23394002,0.14595369,0.25471672,0.05354589,0.14379764,0.3422688
67,0.119148694,0.09279947,0.1071968,0.27104402,0.063054234,0.14310715,0.059685867,0.21510682,0.105307505,0.41191298
68,0.15425412,0.12483101,0.0940998,0.14096454,0.19660851,0.086146444,0.09452842,0.09457286,0.18630695,0.422181
69,0.33320788,0.2860865,0.47166553,1.12893,0.1964464,1.2914004,0.35317233,0.13647297,0.5652052,0.31563017
70,0.08959459,1.1165626,0.687907,2.0397866,1.1274751,1.8343298,0.5734711,2.306254,1.2529757,1.5628052
71,2.922518,2.0190737,1.6954589,2.9944148,2.954172,1.4953005,2.070924,3.29849,1.3638102,1.562823
72,3.435387,4.555512,5.1356635,5.314339,3.0334795,4.299614,4.299614,5.359618,5.8547726,7.0701065
73,4.5724497,3.639681,4.506683,4.2567616,3.8796782,5.00046,5.0601983,3.9180274,3.6940804,5.1112895
74,3.742819,3.6976576,4.9166546,3.4384737,3.1707997,3.7983246,4.078868,5.205704,2.617617,3.707415
75,3.2968469,3.6621106,2.7830374,3.826494,3.2195833,3.4857275,2.9454246,3.4532666,3.4101908,4.56785
76,6.0519505,6.5358357,6.3279104,7.6858053,7.1855946,6.4617453,7.968114,6.3462567,6.702611,4.771124
77,1.3972484,1.8937721,2.4628541,2.4206176,1.091323,0.751216,3.9064307,1.883875,3.3624525,3.2600837
78,0.15520747,0.07719488,1.1729032,0.7505645,0.0574043,0.48745072,0.062497422,0.19941856,0.22357649,0.30403847
79,0.12107206,0.22456859,0.37635976,0.18711549,0.047504194,0.0831732,0.19364116,0.13844582,0.7128125,0.116597064
80,0.09938669,0.056306608,0.057309374,0.09506245,0.03654909,0.026703617,0.43017942,0.08918805,0.018788094,0.19816233
81,0.026438318,0.07274238,0.04968357,0.1105557,0.17829455,0.025804665,0.030683724,0.20708488,0.20266789,0.9484538
82,1.1847992,0.8276913,0.8149222,0.33181447,0.405956,0.8758259,0.7896534,1.8168849,0.37331963,1.4857484
83,6.8644056,5.2565136,1.8856848,3.568255,2.9890523,3.835124,8.043743,3.7785034,4.513751,2.5498974
84,7.4065504,5.62409,2.8812792,7.0779796,5.4401355,5.0023966,2.7596319,7.2090335,6.1735697,5.824691
85,4.2215195,4.3695884,4.002764,4.141756,4.2217517,5.4563174,4.318057,3.9000905,4.4981756,3.600291
86,4.782826,2.3736758,3.5769343,3.104623,3.4009106,3.8486595,3.1626766,2.8986814,3.811511,2.740203
87,4.3734074,3.8929498,2.668038,3.901296,3.3045053,2.9364514,3.1857417,3.3837907,4.7873793,3.848934
88,6.981909,8.2080555,5.0626245,7.5926394,7.769659,5.260829,6.2602377,6.5069895,5.875931,6.6227345
89,1.6358962,0.61422366,2.8696032,0.34427863,3.7176814,1.7079793,1.7715704,1.9213207,2.008288,2.282157
90,0.30242825,0.16166775,0.5015271,0.6129102,0.049459603,0.06804954,0.31183213,0.37874964,0.3207571,0.12195707
91,0.067833886,0.9646463,0.13914147,0.09858847,0.1038392,0.15092173,0.13548908,0.20119287,0.12650912,0.6327807
92,0.052239086,0.06447589,0.03701728,0.17310058,0.19257754,0.033603664,0.07317999,0.14023104,0.24742849,0.07852728
93,0.6619765,1.166402,0.19508073,0.23463362,2.3271828,0.01571727,0.67040795,0.16872989,0.04661217,0.13038406
94,1.667523,2.881214,0.41185576,5.0184703,1.3430026,0.21261695,1.9177668,0.29381144,2.2553632,0.93509907
95,3.3213618,3.58006,3.3882332,3.9821167,1.7020231,2.0103276,1.0259286,2.6788738,3.623934,4.4170647
96,7.13823,4.412834,7.352066,5.715599,6.900029,2.864641,5.8666544,3.3465993,6.7864523,2.7967186
97,3.524371,4.458365,4.8205957,6.3723593,5.9357605,4.681978,5.126641,5.133126,6.364496,4.5083957
98,3.5055735,3.8549333,2.1386104,2.695724,2.9982817,2.6902525,2.4278028,2.660502,3.4084597,2.7791061
99,2.8174329,3.7568185,3.3792837,2.9904287,2.708076,3.5458045,3.946927,3.3628066,3.5429454,3.8700674
100,5.9543247,6.6663,6.80657,7.5665154,6.2576413,5.588279,5.8417697,6.2191486,6.864083,5.2849836
101,1.1786797,2.5658147,4.380917,2.3725564,0.49004248,0.8368894,0.56112313,0.9063937,0.8355159,1.5265268
102,0.8037356,1.1687257,0.29239696,0.41821617,0.09784253,0.5849305,0.23319608,0.10660967,0.3441504,0.46045083
103,0.1751945,0.86152184,0.14478149,0.18160494,0.0933514,0.15650028,0.11225116,0.25118792,0.18681476,0.17466143
104,0.14451739,0.17157419,0.068712495,0.49612826,0.023208685,0.19414791,0.11413543,0.06476178,0.3724027,0.08004827
105,0.037517544,0.08303316,0.082005516,0.5036903,0.11673988,0.3232665,0.37933314,0.05018095,0.42752463,0.03457045
106,0.37929374,0.90990317,3.998564,1.1927606,0.22185689,0.9593747,2.603799,0.819793,0.18710503,0.9815144
107,3.2749803,4.09095,2.469994,0.37229392,2.7744594,5.711347,4.7679873,2.552155,3.8043497,2.3485758
108,4.5324483,2.6753123,3.3546395,4.6348214,4.7209086,4.3600483,4.7743826,2.8911614,4.045619,6.0067587
109,4.0010996,2.9579916,3.8422377,3.9343855,3.9451017,3.5503962,4.8608227,4.5718675,3.0100954,4.0953403
110,3.0751584,3.4371758,3.933016,3.6089873,3.97271,4.2641706,4.023114,3.354846,3.320866,2.7364123
111,5.3072486,4.5306735,4.0509953,4.7790074,4.150793,3.7524965,3.9440439,4.6168747,3.5659907,4.096999
112,5.3326616,6.454772,6.213491,6.9976196,7.0611677,6.618424,7.9526825,5.989207,6.706916,6.3446145
113,8.439831,4.949146,3.040802,4.7017612,3.662212,3.7341342,1.6063254,4.723926,4.203361,7.9470162
114,0.49244192,1.5262246,0.08180903,0.0739642,0.09228228,0.23920594,0.17303933,0.85783917,0.27235883,0.81596416
115,0.123496994,0.11253489,0.077567525,0.36175787,0.1028572,0.18451612,0.17222826,0.087453276,0.133275,0.10696466
116,0.10640584,0.08841384,0.14575683,0.08173157,0.09279421,0.063029096,0.06443064,0.1402166,0.019590618,0.06883014
117,0.2124203,0.22285694,0.09756148,0.107806884,0.697142,1.7216797,0.20630385,0.16099463,0.16863005,0.57675624
118,1.9761469,0.25280517,1.8089292,0.79286325,0.493874,0.90511674,0.8389835,1.168024,1.0365099,0.64369625
119,1.4253488,9.492673,2.3502192,1.8340671,2.6329744,3.999818,4.121693,5.443324,2.4736574,1.5745629
120,6.5070295,5.084007,5.7694902,3.063286,6.3722405,3.7902505,8.056019,5.7487206,7.39882,4.4472528
121,5.5582533,4.3148136,5.440208,3.9783106,4.8697467,4.896629,6.1037498,4.867563,4.2988625,3.8790689
122,2.5163245,2.8990338,2.8611283,3.220712,3.9515898,3.4925427,3.4018157,2.3262484,3.0250144,3.8736143
123,3.6439755,3.3774326,4.6976933,3.3807454,3.3440058,3.577185,3.3929555,3.812403,4.06266,2.7462742
124,8.280019,4.508323,6.5768824,6.1623507,6.725263,6.712629,6.6373477,6.293308,5.7232366,6.728107
125,3.2391932,4.122604,1.1857371,0.20906384,4.8339844,3.3107164,0.52540916,0.75007766,1.0661526,3.4594214
126,0.18598199,0.2154743,0.67458373,0.20438348,0.070912674,1.2464366,0.14031608,0.086797565,1.143146,0.32796985
127,0.13595165,0.039806183,0.14708388,0.06994556,0.231154,0.13048011,0.20071772,0.20274235,0.23164746,0.38514936
128,0.15012847,0.11739265,0.06012333,0.07758866,0.064137794,0.074217,0.11478972,0.14036074,0.24341178,0.11183569
129,0.763242,0.32049718,0.7677461,0.06429184,0.5697485,1.0270607,0.15698494,0.1464996,0.21344414,0.13200514
130,1.3470439,0.20836101,5.446452,0.6822323,0.18720636,2.6173131,0.27407938,0.19478904,0.6368241,0.19478904
131,2.3735914,3.7019103,4.4861927,3.720963,3.5748765,2.6158042,4.7387314,0.9764507,4.7026625,1.1836712
132,6.1353865,9.715979,6.4914293,4.164024,4.0274754,3.067425,5.1383786,5.962772,5.012271,3.6654396
133,4.2743673,4.9109583,5.710259,4.9731526,4.2673445,4.750153,4.7467713,5.325774,4.826548,3.9885013
134,2.0769083,2.912928,2.710485,4.356587,2.8300688,2.3547428,3.0210912,2.5423098,2.8657198,3.470636
135,3.0402784,3.987327,4.2644324,4.307194,3.0728571,4.8192697,3.8995855,3.9408607,3.44802,4.0206246
136,8.770734,5.1476865,5.785477,5.78568,6.8970714,7.915339,6.017088,5.3941545,6.583482,7.2484717
137,1.3073018,1.6089094,6.280569,1.3603257,0.67627585,1.2696553,2.450889,0.71591556,1.3783073,2.9307742
138,1.1457859,0.5564606,0.25929502,0.11627057,1.8572543,0.4609633,1.0145646,0.19483611,0.29035163,0.43318465
139,0.1828276,0.079270825,0.6394262,0.09000228,0.104347005,0.061031327,0.07159442,0.14357463,0.6422675,0.1617417
140,0.22154881,0.09173362,0.2822684,0.57225883,0.39852566,0.19857246,0.23346369,0.078386255,0.07465006,0.1399292
141,0.46769273,0.16733234,0.106550016,0.18371947,0.29469824,0.8251592,0.01708634,0.2603292,0.21180102,0.79486144
142,0.67726797,0.8474828,1.041004,0.23149827,1.5376529,2.5396054,0.962264,0.12964286,2.9383235,0.12964286
143,0.8918695,1.7416714,1.1596595,1.9065748,2.4126387,0.5619217,2.3876147,4.650008,0.90091,6.3628354
144,5.6501265,6.339872,3.1752706,2.1055121,2.5877151,4.634746,5.996551,4.9364696,2.5631502,4.7571845
145,3.9890478,3.4413133,5.2937207,4.4171295,3.997096,4.630683,3.4501326,4.734967,4.999549,4.965413
146,3.03942,2.7452815,3.0141575,3.290174,3.3198912,3.7849681,2.982482,3.119302,3.2041297,2.4763541
147,3.2651954,4.521012,3.3983958,3.313735,3.3675303,4.738419,3.8263717,3.7499309,3.8478863,3.9709947
148,7.4632487,6.6130548,6.718791,6.1635547,5.2617636,6.200959,5.0890775,5.8375797,6.2310863,7.8248754
149,3.816135,2.7598333,3.079708,0.45370403,1.7645633,4.9991283,4.385305,2.0518198,2.8720098,1.9136857
150,1.0069593,0.25685078,0.19549212,0.4754843,2.3886847,0.13404876,1.413502,0.3348614,0.30503792,0.4366871
151,0.33086887,0.08809007,0.15581249,0.13963042,0.21742773,0.09843808,0.22133134,0.19451061,0.10219427,0.30449197
152,0.12985979,0.1938248,0.1130107,0.4801924,0.10878297,0.06938394,0.10801725,0.51961607,0.04304158,0.16795161
153,0.1013217,0.15118788,0.534223,2.3731272,0.1331475,1.0962085,0.033664204,0.12583007,0.08031232,0.13707481
154,0.6485656,1.5375396,0.050535776,0.8939954,2.3921838,0.40369445,0.83887583,3.3886912,4.2423377,3.3886912
155,4.6453214,3.3746006,3.158852,0.7743501,6.419465,2.0869575,1.9339973,4.0408587,1.8769908,5.733314
156,3.2190878,3.9563658,2.815648,3.5123112,6.619207,3.6928623,4.1382666,2.6910834,6.9477596,6.1773205
157,4.913968,5.7943354,6.1453424,5.7106404,5.404156,5.2589664,4.684433,5.868204,5.078477,4.872019
158,4.0613933,2.3977792,2.8783128,2.2307432,3.9277284,3.822319,3.136696,3.77871,2.7552168,3.152278
159,4.0994434,3.2931225,3.932432,4.457061,5.053464,3.9416428,3.610091,3.5025508,2.90929,4.3263826
160,5.9299436,6.997711,7.4115953,6.9121013,6.8782325,6.3433075,5.334933,6.9062443,7.25908,6.337722
161,0.778812,2.956137,3.584468,1.3515701,1.3734461,1.2219822,1.4737945,3.7201924,1.3680522,2.8089635
162,0.08969804,0.4523819,0.5000424,0.121647485,0.34144214,1.0747353,0.15243831,1.4137177,0.8016576,0.67366654
163,0.15709065,0.2689132,0.1584181,0.081834964,0.09546867,0.42570132,0.06796473,0.20594603,0.113014884,0.18545422
164,0.04479951,0.56696886,0.059643533,0.0831339,0.09524846,0.40554255,0.11711124,0.0674754,0.18612084,0.07400697
165,0.039990023,0.24050233,1.0941966,0.15356009,0.15679242,0.10569678,0.42317274,0.053168874,0.7182237,0.019215759
166,0.84769464,2.284186,1.9368552,0.5628349,1.8131722,1.4987661,0.10220741,2.522204,2.2039647,0.8859772
167,3.8894014,1.3265913,2.6602292,1.8974533,3.5840602,3.2522721,3.341351,5.570559,0.31890088,0.5782368
168,1.1902713,6.660431,4.1635013,7.3654437,10.268223,4.2949514,10.852309,2.863411,6.0573606,5.0879335
169,3.2034554,4.8367352,4.7591968,5.5280504,5.0578623,6.9886312,5.5454307,5.72748,4.9058385,6.143852
170,2.9579828,3.8547707,2.997323,4.2011423,2.6815653,3.1587512,3.9148042,3.547021,4.124655,3.9310515
171,4.773584,4.4095516,5.377882,4.0875015,5.239631,4.359708,4.1822796,4.9945507,4.611726,3.6928213
172,5.5034747,5.592519,10.608764,6.138903,9.327654,9.119578,8.497066,8.064894,7.957745,6.1974354
173,2.1951969,4.361123,2.247997,4.4421597,2.36546,3.8778446,1.6959707,2.34123,3.1040142,2.3454745
174,0.5558316,0.20000106,0.09875286,0.81774014,0.13826498,0.59040666,0.37003547,0.73739344,0.72512597,1.0216383
175,0.39888456,1.0370556,0.8969333,0.13137485,0.1793894,0.11236974,0.19935142,0.06006318,0.04970211,0.5435113
176,0.042896576,0.11362703,0.47460636,0.15076314,0.050758537,0.030320343,0.05855145,0.1108909,0.017067613,0.20519485
177,0.44564894,0.13272035,0.16201314,0.04400025,0.045131564,0.39113638,1.0434196,0.48891842,0.24776442,0.14235878
178,1.9921057,1.3938556,1.7687083,0.76919234,2.2059722,1.3661027,1.0631593,2.0021327,0.45059827,1.4167364
179,2.7457533,2.64903,2.6122212,4.231954,3.286986,2.5767646,3.3190095,4.5902853,4.058545,4.0363193
180,9.456365,7.8650165,6.6680613,6.3257065,7.2186737,3.906558,7.4256277,12.360851,2.7926073,8.355446
181,4.2863617,4.240016,5.619995,6.2650433,5.2049155,4.0358686,5.047869,4.3041854,3.7953532,3.6055615
182,4.682766,6.0170383,5.3498993,2.7213252,5.317991,5.3679957,6.250275,5.9070234,4.59112,3.6234362
183,3.5605433,4.818343,5.784315,5.4791164,4.3719354,4.8790646,5.429556,5.5581555,6.975451,5.238375
184,5.211332,5.983037,5.4511766,5.7032657,6.0862904,5.6173925,6.987043,7.140754,6.2741857,6.1412005
185,3.3182821,3.8186886,6.8558474,3.1778083,0.82613313,2.09481,2.694689,3.20501,5.3762774,4.2187552
186,0.12378984,0.049080413,0.7549495,0.39376113,1.2161255,0.00681109,0.05150789,0.100549534,0.4280658,0.2015298
187,0.026479969,0.081052646,0.016461346,0.05889334,0.127426,0.7063805,0.052354004,0.07918118,0.03312186,0.17067513
188,0.02908781,0.025347183,0.18516396,0.061352372,0.07774831,0.054923393,0.09691961,0.059843924,0.09964362,0.09769348
189,0.84803843,0.0142845195,1.1144812,0.9842068,0.04635207,0.12339856,0.11548404,0.04595662,0.77733684,0.0625956
190,1.0516384,1.98365,0.4264012,1.682783,3.7626507,0.5164385,0.70361066,1.0969813,4.9055037,0.6953393
191,4.3333044,2.6421926,3.9282737,1.2316117,2.0962503,1.2282053,6.2989,1.0954025,5.0369415,0.72632897
192,4.1284084,6.442052,6.415795,5.184031,4.7924395,6.2215695,5.865848,4.9581037,6.056282,5.9949045
193,6.556582,5.860961,5.355706,5.2345815,5.5472054,5.94286,5.0357165,4.7826223,5.148408,5.8250546
194,4.51322,3.577544,3.093948,4.196764,3.7465498,3.7681568,3.1910856,3.493319,4.7370577,3.502842
195,3.8270833,5.383865,4.0402904,4.1240625,4.0301495,3.5848072,4.5362873,4.3183446,3.4270644,3.3091314
196,6.7707715,5.189941,5.6798368,6.4248114,6.4946933,6.624517,5.037299,7.7750034,5.9602346,7.5452776
197,2.3137832,2.6049886,1.4687864,5.246852,0.32729894,4.101089,1.9130155,2.2246678,1.2120591,8.31185
198,0.24708915,1.691701,2.2648406,0.95719695,0.19442694,0.17886072,0.14231257,0.9139249,0.23457439,0.19436339
199,0.099434406,0.15367086,0.10142594,0.047686376,0.087898955,0.1084731,0.14299077,0.69536215,0.26305988,0.06739113
200,0.061059896,0.07871681,0.05279906,0.12942185,0.06714183,0.06161401,0.34109503,0.046091113,0.031052869,0.029591044
201,0.23073548,0.028773474,0.3492416,0.03515404,0.15996163,0.009994184,0.5042274,0.22763841,0.020131217,0.89675725
202,2.0159357,1.6409754,2.2365363,2.4262457,1.2130998,2.1002939,0.6380044,1.2068787,2.5583842,2.2732458
203,4.1620755,3.1014836,1.6221087,6.4533606,3.5171857,2.3767488,2.6808014,3.1707072,6.8658643,8.586157
204,5.2672625,5.082816,7.049828,9.784085,9.193502,6.7449336,6.896528,7.4110026,4.729139,5.957688
205,4.565547,5.0518208,3.4849777,4.9234114,4.5934,4.6497827,4.7333713,5.15723,5.95443,4.0223813
206,2.5892293,5.2882485,4.9183183,5.3096695,6.1980567,4.362244,5.3549314,4.7501035,3.6180267,4.5794067
207,4.383729,4.512815,5.2251587,3.2632194,4.5651345,3.7761817,3.922403,3.1762724,5.454534,4.358034
208,6.4401016,7.2107577,6.934642,8.378882,7.8099446,6.786912,6.5069723,7.1363277,6.690546,7.9312634
209,2.0736692,3.9041114,2.8861063,0.7020369,3.32678,2.9349225,2.2663836,1.8356528,0.7339766,3.62913
210,0.6005818,0.49200228,0.1431681,1.4504606,2.8574817,0.10526592,0.24265392,0.023207428,2.6479135,3.5018327
211,0.12684487,0.1250852,0.6727649,0.67077297,0.44279677,0.3069657,0.050838385,0.0754693,0.28281826,0.11806367
212,0.6156582,0.023192896,0.106899135,0.09795591,0.17396024,0.05907298,0.09160847,0.20273556,0.11538068,0.07542043
213,0.3934498,0.04065654,0.2319149,0.21320415,0.44394433,0.015895989,0.044607338,0.03993215,1.3970425,0.414423
214,1.6170955,1.3763713,3.0527556,1.1671704,3.5210521,1.7507784,2.7492914,1.0718853,0.13795935,1.9141109
215,2.056688,2.9395053,3.3547056,3.8689845,2.850599,3.4056609,3.1697195,3.5263186,5.183818,3.0244164
216,7.352763,5.888977,4.223798,2.570576,5.6620646,11.788382,4.2651415,9.967338,4.0883794,3.4577005
217,5.034398,5.0723844,5.923685,3.102493,5.9686375,6.051484,6.556304,5.898995,6.0318604,5.7773676
218,3.4507334,6.350945,5.3247366,3.9321277,3.983429,3.947591,5.3560414,3.7085032,3.3011563,4.534775
219,3.0822453,3.7573307,5.893725,5.53933,3.917409,4.5136104,4.8206644,4.62704,4.265349,5.1691136
220,5.4005976,7.2405767,4.5031023,4.4343424,6.982686,5.7507124,6.030909,7.534144,8.023069,7.77078
221,2.6964946,2.3480542,2.7044408,4.7633953,1.8177781,3.0538929,2.1515822,2.1870046,1.5722433,5.048467
222,1.3601316,0.5043675,0.31220868,0.16294996,0.0386578,0.2292011,0.043011528,0.101756774,0.77967995,1.0080751
223,0.063968875,0.044902984,0.102479845,0.050819896,0.7347693,0.05546336,0.08047129,0.18331565,0.08790266,0.10575174
224,0.03782083,0.07620958,0.10428031,0.047828436,0.1445455,0.3948037,0.037935115,0.2458257,0.040900465,0.09898459
225,0.56106484,0.027606139,0.102897435,0.37119147,0.2103656,1.0676177,0.05892211,0.045671508,0.026428405,0.035429988
226,2.5620475,1.1701252,2.7684197,2.2752953,0.74664026,0.4308103,1.0177615,1.44306,0.77381736,1.7158576
227,2.555747,5.914918,3.2514482,2.780609,4.39238,2.5708513,3.9246252,4.5402956,6.8519416,2.5840774
228,4.8189807,4.799944,7.338865,7.6411896,5.8129115,4.5796137,5.5475163,6.9232864,3.6108487,7.257129
229,4.0913215,4.890216,7.259002,5.1257315,5.352229,7.1065702,5.4777656,5.199391,4.256653,5.0093746
230,3.8044858,4.513717,4.277628,6.591858,4.375642,4.770966,3.2480845,6.445785,3.3962972,5.4267673
231,5.364667,7.2007375,5.789489,4.468188,4.8512588,6.217049,5.9469333,4.0400343,5.452446,6.0389204
232,5.0452847,4.630341,7.7236295,5.949188,4.7541184,7.853809,5.3014927,6.917335,5.9028387,8.639177
233,1.94755,3.9996607,1.4260204,3.6828847,2.011138,1.8796694,1.6274122,4.291765,2.1060061,2.488494
234,0.12895252,0.75309694,0.10171696,0.17647567,0.4510236,1.5776297,0.029935319,0.23466721,1.1447035,0.6314907
235,0.10296872,0.016239053,0.09673293,0.1679728,0.082239196,0.12441019,0.0746373,0.049442895,0.24075963,0.19537328
236,0.0500898,0.04044362,0.1593899,0.13998234,0.005623696,0.051018156,0.023049917,0.03853614,0.022684872,0.051146653
237,0.06446712,0.035081394,0.010969693,0.13689113,0.05433233,0.030433077,0.03179516,0.034431055,0.09597936,0.035631634
238,1.3123267,4.405186,0.26736122,1.4646091,0.5387551,0.072746344,0.14694047,0.24200465,0.9972831,2.098783
239,4.9614716,3.6798859,0.99525225,1.5373979,2.019977,1.5472318,3.0100174,2.9695387,1.5743549,4.027464
240,7.152718,6.4073873,9.23091,4.7056804,5.4516635,6.9402514,7.530467,4.9231014,7.556195,8.104645
241,4.601405,4.05997,5.290019,4.977503,5.0529795,4.057969,4.106638,4.609588,4.219249,4.8403487
242,5.3301263,4.6983113,6.822339,7.707577,4.7288938,4.8478737,4.7990255,5.3370233,6.7237554,4.418784
243,3.0834272,4.130208,4.7331567,5.0676694,4.697125,5.3137035,4.483955,5.240142,4.6824718,4.5525713
244,4.502684,5.873885,7.026308,8.568457,7.621379,9.036347,5.648768,6.670883,6.7740664,6.1978235
245,4.177152,2.5173154,3.0651534,1.1996325,1.9796872,2.3800006,4.185668,2.536179,2.0556505,2.8256595
246,0.33936426,0.021179663,0.05986933,1.8232269,1.239626,0.6176853,0.8384577,0.22657943,0.24685812,1.5874475
247,0.079548955,0.07615672,0.025573025,0.06959179,0.050071113,0.18198586,0.10991847,0.10008634,0.27819946,0.3021937
248,0.13599308,0.027406262,0.030567724,0.03954282,0.04727423,0.0410301,0.039991625,0.062122956,0.048878666,0.058697402
249,0.034064952,0.32616755,0.024029259,0.32710823,0.45688546,0.23226616,0.15638293,0.009471374,0.22499475,0.0068398733
250,0.20845835,1.1672188,0.014337186,0.062066693,1.1205844,4.576798,0.26940864,1.4178264,1.1272863,1.9555143
