time,0,1,2,3,4,5,6,7,8,9,10,11,12,13,14,15,16,17,18,19,20,21,22,23,24,25,26,27
0,2.1122308,3.5614865,2.18025,2.4537807,3.5898993,1.9720075,4.571993,1.4881985,2.0308778,2.1130617,2.0421865,1.0386587,2.661878,1.4328485,3.0237093,2.2841895,3.2499695,1.8784106,1.1653718,1.3779346,3.9109397,2.3524165,3.2378297,1.789508,,,,
1,0.5535831,0.85074925,0.90776074,0.8963169,0.69714,0.5825561,0.50148344,0.53440267,1.4001266,2.092988,1.80333,1.6547884,0.4623542,1.1060965,0.96360916,0.8941984,1.8536122,0.49582383,2.0704222,1.2713158,1.136648,2.09304,0.67436653,1.326188,,,,
2,0.69137657,1.1394311,0.5692534,0.09486345,0.67038924,0.36431307,0.25293806,0.74081767,0.4833727,1.5211593,0.8347673,0.064208075,0.41478226,0.26268923,0.8099376,1.3680068,0.33357462,1.3625133,1.0665934,1.2443053,1.5730304,0.10565308,0.74932265,0.34379306,,,,
3,0.11733576,0.11754346,0.43430534,0.040541533,1.0829804,0.04124769,0.5089811,0.10148884,0.57942003,0.158355,0.1461946,0.5203004,0.95744073,0.23463,0.6058177,0.15521884,0.23015422,0.6422573,0.33817497,0.031288844,0.28677115,0.0052026925,0.66588223,0.56913924,,,,
4,0.12305769,0.078871146,0.016490769,0.26404962,0.12039922,1.2776606,0.3705438,0.60078114,0.020966537,0.7295815,0.47452497,0.4615235,0.10915268,0.63366926,0.69667256,0.4453131,0.47530383,0.45349613,0.41584155,0.13065924,0.92292225,0.8172173,0.6927888,0.6372,,,,
5,1.3695438,1.026218,1.2179492,0.6809816,0.8688081,0.6645426,0.4608173,1.1784669,0.39097038,0.1966223,0.7666858,0.7573084,0.23331115,0.090076156,0.68779385,0.351405,0.15687,0.32086384,0.43529195,0.102869995,1.0135385,0.50686264,0.78414226,1.4633688,,,,
6,1.0610377,1.2569122,1.1370218,1.9446855,0.78370607,1.4073542,0.82226413,0.99584305,0.90175843,1.1885918,0.8991312,1.7156215,1.130251,0.78529507,1.5917329,2.1336439,2.010617,1.1998696,1.1188384,1.986442,2.9237676,1.7225585,1.4068246,0.9258404,,,,
7,1.5749828,2.7968364,0.3430246,2.1823893,2.0179281,3.2538323,1.0262803,3.2023764,1.6890992,1.5922523,3.3457048,1.2840368,1.8240266,1.957261,2.5856862,1.4756124,1.6734079,0.6589973,2.190053,2.1039438,1.6439158,1.8537369,1.4432018,0.91134346,,,,
8,2.3177528,2.9967716,4.0145674,3.3966622,0.7722,3.0943973,1.6269265,3.0920088,1.8795218,2.3799462,3.370867,1.4895381,1.6271237,2.1079106,3.089994,2.0225596,3.777788,4.238065,2.4022315,1.9828593,3.0065227,2.5243235,1.6315581,3.5852573,,,,
9,3.366578,6.1764784,3.687037,4.542407,2.39733,2.5483742,3.7198105,4.4848247,4.266488,4.5994496,2.4967833,3.8141444,4.148331,4.4155073,3.6550212,2.7888093,4.2483873,4.205478,2.3869867,0.55345845,2.0374198,4.3838034,2.7156496,3.1652932,,,,
10,5.943925,3.6601613,5.763098,7.184783,6.327003,5.365834,6.4547343,4.555066,6.568539,6.1952744,6.7506127,6.8167524,4.3659415,2.945056,6.804955,4.585078,3.5743532,5.0373793,3.7970617,5.448558,7.312337,3.2187529,5.6024065,6.4234242,5.31145,5.6255746,5.377268,7.457244
11,3.7163734,4.2202144,6.702563,5.224178,6.189791,6.753271,6.680215,6.270428,3.4334133,3.93066,7.2457094,6.077461,6.2875943,4.573156,6.6636,5.277077,5.18804,6.828497,5.6193957,4.3870845,8.66351,8.060154,5.0990644,6.937972,,,,
12,3.3563385,3.1130168,5.7902226,3.7665312,1.9236876,5.6670094,4.6701384,2.179606,3.3091924,2.7807195,2.6229045,2.8740563,3.90096,2.7420056,3.1866543,3.831383,0.96183354,3.5979369,1.3059589,2.715743,3.0346026,2.2678962,4.5116687,2.3331842,,,,
13,1.7241578,0.40817767,1.8181695,1.198177,0.93079376,0.41598696,1.5578583,0.57276344,0.36977535,0.6180195,2.1002364,1.3355135,0.65909076,1.3044115,1.2756876,1.6067492,0.50279194,0.8244865,1.7375227,1.0438615,1.3540189,0.7189061,1.0285233,1.3367596,,,,
14,0.976725,0.034206923,0.16270615,0.21532498,0.8543631,1.2331314,0.089214236,0.33643037,0.7600396,0.4205042,0.017041154,0.2577877,0.6967143,0.003426923,0.09805154,0.51282346,1.201043,0.4650127,1.0788162,0.40306848,0.9768392,0.40676534,0.15685962,0.30467424,,,,
15,0.07439539,0.030769615,0.5179015,0.5794927,1.2553132,0.29928464,0.005649231,0.3577396,1.2148337,0.038204994,0.93734646,0.33879805,0.24877383,0.12679616,0.54592955,0.6185493,0.8428465,0.20800385,0.12687923,0.6646465,0.8741458,0.28992808,0.05748923,0.33214152,,,,
16,1.1767223,0.6385396,0.16278924,0.4101508,0.7637054,0.55579495,0.054363463,0.04176692,1.2780864,1.0785877,0.6479792,0.50328,0.40294382,0.14584152,0.79363376,0.1866946,1.4608454,0.88772875,0.8151611,1.549021,0.16612269,0.28494343,0.5972192,0.5647154,,,,
17,0.66051346,0.6854158,1.4489343,2.278021,0.046813846,0.37508196,0.60637844,0.16182348,0.7972581,1.3364168,1.1439588,0.8147042,1.2250417,1.0916203,0.19612385,0.5870838,0.9663611,0.42750347,0.9787188,0.3201369,0.51375806,1.4305742,1.8687427,1.0958054,,,,
18,1.4908879,1.3058032,0.9242204,1.1198976,0.70423263,1.825958,1.3274862,1.366335,1.1569291,0.81372803,0.45078576,0.7154792,1.2197977,0.9683653,2.1429586,1.9887474,0.60798806,1.0275784,0.6420288,0.9992284,0.6753323,1.6109446,0.59409344,0.6103869,,,,
19,2.6582224,2.6208587,1.3276731,0.96393114,2.1406221,1.9563266,3.8417573,2.5562456,1.6350576,0.8543215,0.91225725,1.328265,1.3011715,2.3637564,0.9880028,2.23263,1.8847765,1.4195665,1.3858062,1.9096373,1.873748,1.2686884,1.3728772,2.236192,,,,
20,2.3841207,0.5638119,1.8111185,1.422983,4.6910734,2.088616,2.6938937,2.936281,2.427092,4.36375,1.9053173,2.5889158,2.9294896,4.1767445,3.0767746,3.3974826,2.2095137,3.1109085,3.394274,3.4307134,1.9667214,2.1521285,2.8686357,2.1022925,,,,
21,3.3569617,3.7332692,3.5448194,2.0532045,4.7572856,3.2781007,3.4902067,4.345214,1.8425422,2.679667,5.0177317,3.876348,2.2132628,5.3385544,4.23251,3.8511035,2.3750758,3.6514692,4.677916,4.4469,3.7689402,2.570244,4.155975,2.62089,,,,
22,3.1028917,3.6569736,5.3005776,5.7123795,6.3474097,6.2665744,6.101252,8.003007,5.2067633,6.198483,7.1771708,6.815568,6.430662,9.032383,7.1054745,7.828588,6.7784643,6.407463,7.425394,6.84181,5.6347857,5.7894955,5.041128,4.450057,7.001131,5.31335,6.8008327,6.21702
23,6.0879908,6.368075,6.7969074,7.064342,6.6185513,4.863032,4.3282766,6.9669447,5.875345,6.636371,5.6425533,6.616786,5.3351483,7.0742483,7.422725,6.166042,7.789593,6.616028,5.2291417,5.7544894,6.682853,7.626139,6.3154035,6.4822536,,,,
24,1.0541942,2.6896465,3.7470393,3.2708526,2.8179796,3.3313534,3.910171,4.604289,3.563304,1.1906585,2.454248,4.069959,5.891254,3.230041,4.2564774,5.2997775,4.443805,1.884247,2.5278854,4.6643534,3.1110125,3.1388538,2.3757405,2.885199,,,,
25,0.27900344,0.65677494,0.35177884,0.21116076,1.6559203,1.1911154,0.69630915,1.1109046,0.8814046,0.29704154,1.1359004,0.58418655,0.7419601,1.1409056,1.3142041,0.50789076,0.8942088,1.3187839,0.35890272,0.7930107,0.6325477,0.7677969,0.73409885,1.3294696,,,,
26,0.36558002,0.1292677,0.07977461,0.14377499,0.34255728,0.18493961,0.92316115,0.6074377,0.056025002,0.57139266,0.012897691,0.36803076,0.33009574,0.6885208,0.03665769,0.78095424,0.27954343,0.79148424,0.22821228,0.4677127,0.03436269,1.8268096,0.49154538,0.25381038,,,,
27,0.8521096,0.0,0.112911925,0.007985769,0.18874039,0.22700769,0.4450119,0.20998731,0.5233742,0.6274074,0.00969923,0.29381192,0.5928889,0.7962092,0.0805223,0.14307922,0.4137023,0.8210493,0.34228733,0.5285458,0.21268728,0.15471,0.43972617,0.043397304,,,,
28,0.45155424,0.10000384,1.1161176,0.7157804,0.40995345,0.35845616,1.368121,0.40037882,0.6642104,0.2079623,0.47327882,0.077967696,0.29966885,0.5109646,0.6553834,0.10858154,0.52004075,0.6405126,0.09267231,0.06173654,1.3235192,0.029627306,0.42922732,0.26087192,,,,
29,0.6443239,0.34936956,0.04785231,1.8279933,0.33353308,1.04031,0.7828858,0.6005838,0.59972185,0.57106036,0.7434138,0.2043069,0.5712992,0.4628423,1.6139355,0.32383382,1.224232,0.36649385,0.13045153,0.41937226,0.64658767,0.78917885,1.1603249,0.5471965,,,,
30,1.3008599,1.061453,1.3660234,1.4574081,1.8029354,0.9921876,0.90933925,0.6817604,2.2426615,0.44878152,1.1156088,0.31835073,1.1505011,1.41237,1.1530557,2.1150346,1.7982415,1.4823312,2.587254,0.5069042,1.2763315,2.626103,1.5232257,0.70768034,,,,
31,1.51551,1.2714404,1.1001046,1.9540626,2.9716508,2.7709785,1.1914788,2.004054,3.0295868,2.89305,2.3077419,2.0704324,0.88118654,2.1294174,0.91185224,3.7336845,2.5494437,1.5278677,1.4762766,2.7288172,3.317843,1.4004382,1.1935455,1.5915459,,,,
32,2.5661008,3.1334538,2.5719469,2.8062034,2.3857198,1.6635425,4.1410418,3.8032928,2.8711696,1.4922899,2.1287525,2.6852746,2.2257242,1.4151946,1.7949392,1.4450918,2.445795,1.4498687,3.363878,3.8268344,2.970083,4.003352,2.1348693,3.408563,,,,
33,1.2163292,3.5702515,3.9601626,3.3686757,3.0338135,3.6974733,3.8968165,5.4329505,5.81365,3.7109418,2.7248816,2.4313812,3.8500133,2.980208,4.305316,4.671561,2.9579747,4.5375056,3.4116576,3.056265,4.6387453,4.7499127,2.3373277,3.449281,,,,
34,4.823384,5.4613624,4.0998774,3.385914,6.2967634,3.1141798,4.412465,5.2112484,5.1067386,5.928151,4.816229,4.921051,8.0472355,3.6877847,5.802196,3.1790214,3.9058926,6.2590985,5.7878237,6.640702,2.8003361,5.5991354,4.525968,4.8658257,6.101086,5.8415537,3.9090805,7.330572
35,5.4709578,5.3447437,6.023887,5.720843,5.4976254,5.668089,4.5743093,6.8931,4.438052,3.711555,5.7025967,6.294936,5.5051126,5.296206,4.738479,5.309176,4.6065636,6.2693067,3.585444,4.5179825,5.940249,4.7874117,5.21802,6.9984,,,,
36,0.9362042,2.9771445,2.4500525,1.4283726,2.3315434,2.4967625,3.655146,2.5789568,1.4645629,3.8345919,3.6026616,4.6428366,2.2511873,3.4718158,1.6471454,1.8269652,1.9918106,2.5225682,2.8479285,3.9222171,2.5927684,1.8234241,1.3532193,1.2485943,,,,
37,1.501044,1.1911569,1.9149543,2.1634996,2.1748707,0.4211169,1.2601316,1.2086861,1.63134,0.93908066,0.29926383,1.2258,0.56823575,1.7130253,0.8622865,0.7244411,0.3340523,0.72622734,0.46783727,1.9008311,1.5264138,0.7824808,0.41792884,0.73176223,,,,
38,0.16350576,0.84010494,0.22102615,0.019315384,0.39984924,0.47084883,0.10662922,0.40744036,0.7951396,0.9296204,0.547913,1.1547899,0.9140643,0.7445561,0.23105767,0.25959462,0.11345192,0.9652085,0.40217537,0.14519769,1.2369739,1.2390715,0.69691145,0.43789846,,,,
39,0.09493614,0.178605,0.5715484,0.010914231,0.77834773,0.3142177,0.11412691,0.18389076,0.40159383,0.016366154,0.046543844,0.4622192,0.37393957,0.30777925,0.13902922,0.03418615,0.010176922,0.6644284,0.12610038,0.64902806,0.23173267,0.29680267,0.005368846,0.09822807,,,,
40,0.28291842,0.19537617,0.55323,0.81534797,0.41385806,0.79878455,0.44227034,0.24407999,0.3852692,0.72780573,0.13226885,0.8169264,1.4739819,0.426195,0.22001883,0.06675231,0.6685823,0.27833882,0.4435581,1.1572616,0.40112656,0.45983073,0.7926473,0.31631535,,,,
41,1.5315024,0.70046306,0.98728603,0.76511765,1.0205065,1.4813445,0.6229835,0.06047999,0.026667692,0.7187607,1.1317776,0.64738727,0.42258114,0.44834536,0.058008455,0.19030847,0.6810127,0.23617728,0.42562383,0.1110323,0.3747392,0.7110034,1.255095,0.80595005,,,,
42,1.24227,1.5610152,0.25696728,2.5582085,1.4670554,2.574886,1.5956688,0.9003461,1.4574081,2.3008673,0.8223369,1.2271603,0.3794123,1.1678226,0.91054374,2.093663,0.69843805,0.3566804,0.8150988,0.84838146,1.2565695,1.9189421,1.3301446,0.47054768,,,,
43,1.586167,1.5749514,2.0214381,2.71756,0.41584155,1.4295357,1.85949,0.5763565,1.2801946,1.6716945,1.4742831,2.1138194,1.9170623,0.7735292,1.6339568,2.4640512,2.3811507,4.0916004,1.4937439,1.9110389,0.51903343,1.2238371,3.1864467,2.376405,,,,
44,5.380674,2.4678416,3.6211882,2.1872182,2.2489233,0.5268427,3.776199,1.5104734,2.177394,2.698484,1.9928907,2.1555135,1.3116807,2.2292027,3.1959798,1.4975343,3.83346,1.641662,2.0639527,3.7135174,2.0108976,1.6788185,3.5175493,1.590383,,,,
45,5.849778,2.6481183,2.842851,2.8499331,3.4931247,2.5845854,4.753796,4.3461175,2.6129663,5.714675,1.5747751,3.584333,2.320681,2.8827174,2.8897371,2.5231187,3.0847082,3.8168962,2.7559524,3.751068,2.6842778,3.4524074,3.7781203,1.1802946,,,,
46,6.708908,6.3741913,4.9452367,8.850953,8.769236,6.7718387,5.043112,4.733972,6.3666,5.013235,5.6588364,3.6068573,7.1522064,6.1872473,5.5228496,7.5118666,7.6013203,4.4772334,7.8868036,4.4945025,6.17465,7.35508,6.41628,5.987157,6.4182734,6.4564266,7.3755374,6.5962863
47,5.027649,6.774819,4.7364645,5.932482,7.8979983,5.6891384,5.1550474,4.732986,6.0458813,4.057716,5.627724,6.7880487,7.941489,3.758161,5.3591466,5.117954,5.5664544,6.0094833,6.6122684,4.1692667,5.9450674,7.792065,2.9403932,4.8250456,,,,
48,5.9734073,3.0837529,1.9156085,2.0793738,2.7102702,4.942288,2.2094412,0.57996,3.0875332,4.8165092,3.090181,3.059453,1.0457618,3.565246,2.5965693,3.0773354,1.6272794,2.2335439,3.6147497,1.9671472,6.208577,1.3425024,1.7632973,1.2511904,,,,
49,1.2822819,1.0677358,0.6879392,0.8722973,1.5191653,1.23525,0.4212623,0.9278758,1.026893,1.3945396,0.92369074,2.5034294,1.2025176,0.6659654,0.64026344,0.85196424,1.2776504,1.2159657,1.1417572,0.6666819,0.5827223,2.8810453,0.5162919,1.6141328,,,,
50,1.6113185,0.61971223,0.10249615,0.5774365,0.1372846,1.2626445,0.35685688,0.14801192,0.59941036,0.56838113,0.54059196,0.5352646,0.3182469,0.111603454,0.5382554,0.9769846,0.5324504,0.14224847,0.06647193,0.51020646,0.58842343,0.16120037,0.724275,0.6122561,,,,
51,0.3767954,0.02599269,0.0066046147,0.1838596,0.030925382,0.24210691,0.7242438,0.3900565,0.01833923,0.17794037,0.75625956,0.30207807,0.1853446,0.043251917,1.0408812,0.5860246,0.8755891,0.29748806,0.1376273,0.40385768,0.30938885,0.6651658,0.21981114,0.27289727,,,,
52,0.55297035,0.71812725,0.09190385,0.05219307,0.7483569,0.6094004,1.0256261,0.123431526,0.68744075,0.43201035,0.46223995,0.3353815,0.30239996,0.95596606,0.5115357,0.028993845,0.89713734,0.8983627,0.9156738,0.16661078,0.30187038,0.8195954,0.2681827,0.40205076,,,,
53,0.6610223,1.211708,1.4821339,0.9508777,0.67170805,1.0908934,0.70915496,0.84517276,1.0827103,1.0654719,0.33203766,0.75904274,1.7346876,1.1986547,0.23321769,1.7056835,0.08205923,0.11854038,1.1725892,1.1281015,0.33812305,1.8313062,0.6161815,0.763965,,,,
54,1.061858,1.2634544,2.6972897,1.7082589,1.7437534,0.87680423,0.83022916,0.47605154,0.9656759,1.883821,0.4398196,2.1970625,0.50723654,1.1339583,0.17541692,0.88061535,1.6267499,1.3324811,0.4753246,0.60873574,1.0153558,0.65299505,2.2123592,0.79226303,,,,
55,0.8390042,1.900966,1.3339038,0.7220422,0.9249991,1.8340789,3.0225878,1.0010769,1.2579299,0.8134684,1.8785665,1.759777,2.2160559,3.0507402,1.5102346,1.4775748,0.654158,1.5226547,2.7268443,1.7634633,1.0230299,1.197315,1.7145207,0.4730504,,,,
56,2.3467464,1.1740638,1.6312153,2.148234,1.6292422,1.8401849,1.7383224,2.3491762,1.6155865,3.003895,2.108513,4.695892,4.330405,2.2005727,1.3100089,2.8183224,1.2145015,2.134101,1.0343387,2.5514064,2.3049586,3.1345546,1.7943784,1.0908519,,,,
57,4.533425,4.1578236,2.5495372,3.3766513,2.2768893,3.704722,4.222073,3.2132492,1.4053293,3.3384154,3.7239852,1.8921392,5.2839932,2.482484,2.2429004,3.408376,4.167907,3.5639684,3.2109022,3.7037456,2.9045973,3.0260978,4.1944914,4.8300815,,,,
58,3.3903692,7.2217617,4.0966578,6.6059957,6.420153,4.5697184,4.49577,6.9089575,5.4128346,5.4031253,5.888949,6.7251287,4.5781927,4.7920322,6.558487,5.995049,4.5573297,5.3482842,3.7459903,5.824107,5.345574,3.0301166,6.6653132,6.5387044,5.0458736,6.9346385,8.66054,3.525099
59,5.341192,6.5911255,5.010338,4.281566,6.234206,4.7737246,5.052925,7.337343,6.8807626,7.229665,5.618658,4.920656,6.553159,6.5640736,5.550369,4.7815857,4.3058767,6.0503054,6.4439135,6.8609595,5.47021,6.296348,6.513978,6.4432583,,,,
60,1.7114468,2.7384543,1.1439484,1.6827334,3.1822717,4.020352,4.0383897,1.150605,1.8321369,2.5333164,3.530572,2.3175554,4.2476397,1.0374023,2.6486168,1.8047632,4.029459,2.3018537,1.5391558,1.4730785,2.0594354,5.1320667,1.4968072,2.320328,,,,
61,1.510245,0.3875642,0.46008,1.7153411,0.68500036,1.1678331,0.7776,1.9663476,0.70361996,0.52212805,0.7101622,0.22396499,1.4310415,1.0008068,2.3299546,0.7574227,0.6870046,1.479008,1.2431839,1.2161527,0.9276577,1.1013404,1.5993761,1.5794169,,,,
62,0.06531923,0.27091384,0.65158266,0.89766693,0.31679308,1.0404553,0.77073574,0.33421847,0.61938,1.204335,0.052712303,1.4954782,0.5691704,0.1837973,1.0194161,0.50399655,0.76595885,0.15897806,0.075465,0.20826346,0.4494669,0.6143538,0.7329565,0.19336154,,,,
63,0.23330076,0.22639498,0.05106115,0.30002192,0.006615,0.5751415,0.43125227,0.024985382,0.24949037,0.6400661,0.96157384,0.04658538,0.4890946,0.12280846,0.06578653,1.0291257,0.2593869,0.44882303,0.41385806,0.036460385,0.028204616,0.00031153843,0.10153039,0.43284112,,,,
64,0.31802887,0.7782023,0.15122077,1.3483384,0.5492527,0.62829006,0.28872344,0.43459612,0.76952076,0.8973242,0.27846345,0.37953693,0.71266496,0.06779076,0.2808727,0.003915,1.4338349,0.7277642,0.4394873,0.25531614,1.0203403,1.0418054,0.61720955,0.7954719,,,,
65,0.36751154,1.2493418,1.4915318,1.776226,1.0370284,0.89883,1.3461369,0.8428154,0.8157635,0.9025684,1.3755462,1.3114938,1.4654977,0.59219307,1.119638,0.9505765,0.16007884,1.10376,1.1482373,0.52678037,0.44632038,0.19193885,0.43020344,0.790425,,,,
66,1.0510893,0.36381462,1.0804881,0.9635988,0.87976384,1.3893679,0.97893685,1.3299681,1.2372229,0.8597838,1.5178258,0.7372037,1.6690881,0.52508765,2.4091582,1.5632896,1.46745,0.44580114,0.64505076,2.0569844,0.7709227,2.2313108,0.67964184,2.325136,,,,
67,2.1671965,1.4849792,1.4120584,3.606795,1.9456096,1.8839147,2.325458,2.4821515,0.6294738,1.3729707,1.4002928,1.1373646,1.548772,2.0584695,1.38348,1.6133537,1.9313204,0.40818807,0.5223669,1.7700473,2.3531017,0.91871655,2.03418,0.73760885,,,,
68,1.7981479,1.2305977,1.7223091,1.7150503,5.8002853,1.6577897,1.1581857,5.5445957,2.576153,2.0656557,1.9488496,1.9612591,3.4201937,4.9461923,2.7122953,3.8804295,1.9356611,2.234603,2.236057,4.870125,1.6489937,3.2035604,4.1232214,4.247463,,,,
69,2.0337126,3.332184,3.7917657,2.677756,5.808863,4.7111053,3.283314,4.132319,5.604369,2.2836185,4.073677,2.4164686,4.0433435,2.5805354,3.8312273,2.1331763,4.593147,4.0477567,2.593464,4.288503,4.090552,2.493211,5.7808347,3.3069804,,,,
70,5.051959,4.974968,3.9657083,4.129671,6.1359262,6.9640994,6.009878,4.99365,7.8152947,4.941135,6.886973,4.664479,7.0218897,6.7451086,5.8706307,4.452019,5.4943337,6.9224157,6.702729,4.62402,6.07609,6.17221,3.2399688,5.357267,6.437589,4.418311,5.833827,6.7739153
71,7.950659,6.095863,6.338873,5.233192,6.276929,6.1333194,5.0813684,6.0940247,6.739262,6.410537,6.953964,6.298746,7.3932753,4.720379,6.790157,7.4701414,4.605317,6.891895,5.4013186,6.8442607,6.709136,5.362719,6.7175894,7.95015,,,,
72,2.635584,1.5302975,4.617135,2.3823864,3.7626784,2.8761854,3.8437512,2.3384595,4.6406455,2.2923312,2.5217376,4.1096287,3.4850557,2.8932054,2.9712255,2.880744,3.9169621,3.8861825,2.4316096,3.5538125,3.7304137,3.573585,3.9895613,2.0820944,,,,
73,1.1079346,1.2172846,1.0300603,1.0963453,0.3635031,1.2542123,0.51519114,0.8283288,1.5669448,0.9205234,0.7188231,0.6293803,0.44973692,1.1662443,0.2950373,2.7664719,0.6902342,1.2865396,0.5926396,0.9760396,1.4645424,1.2881907,1.0186061,0.7156973,,,,
74,0.31004307,0.42231113,0.80898225,1.1034069,0.09897577,0.7450234,0.59783185,0.59071845,0.48472264,0.5627007,0.3988938,0.6153092,1.130355,0.44820002,0.8723077,0.08405308,0.8394508,0.49232423,0.66626644,0.2908004,0.08264076,0.32273307,0.049482696,0.80318767,,,,
75,0.07344,0.03139269,0.29000077,0.20537652,0.40118885,0.09573577,0.42569652,0.6295361,0.84686536,0.2450354,0.34567267,0.5178288,1.1652784,0.1737346,0.30478844,0.022544999,0.38617265,0.44134617,0.36089653,0.030489227,0.0109038465,0.3462127,0.7110866,0.061944228,,,,
76,0.84747803,0.29048884,0.5834491,0.012357692,0.4807038,0.80708194,0.30172497,0.7255107,0.39904958,1.0977992,0.73685074,0.17942539,0.35821727,0.45058843,0.78194076,0.46715194,0.120285,0.5482765,1.1562023,0.26530614,0.19659115,0.074384995,1.2469535,0.05704269,,,,
77,0.35634807,1.6142886,0.92726314,0.30242077,1.2645346,1.4222354,0.6749273,0.43609154,1.1390262,0.16771156,0.8393365,0.39284995,0.7213569,0.8945827,0.6046027,0.07919307,0.047135767,1.2352189,0.6360057,0.007653461,1.0254807,0.30793497,0.034341924,0.38897654,,,,
78,1.0356681,0.54226387,1.0344738,1.098121,1.6011933,2.691682,0.36628613,1.0310885,1.5259984,1.7599326,1.5401216,0.8453181,0.90767765,0.5930653,1.2718351,0.63356537,0.28873384,1.7629236,1.6181929,0.7571838,1.3084512,1.4317373,1.8340892,2.1708934,,,,
79,2.5882301,0.2696469,1.0034758,1.0413069,1.6495754,0.99679846,1.8891795,1.9295965,1.5165795,1.8273911,2.305779,1.9671056,0.22084962,2.0820322,2.1652753,0.73750496,3.3559337,0.44609186,1.8602065,1.2202857,2.7623281,1.2181258,0.8682784,2.3957825,,,,
80,1.407292,1.804981,1.8010453,1.7664853,2.6803832,2.0165782,2.6860223,3.1760724,5.035676,3.2573838,1.2363715,1.6649445,3.8556936,1.3637598,1.4202416,2.7869296,1.2901223,3.2186906,2.9117007,0.7249084,1.7339298,3.841799,2.571968,2.1155953,,,,
81,2.8178966,3.1844735,3.6757073,2.2637527,2.0623431,2.8557897,2.6544218,4.345826,4.9900875,4.9184237,3.4037237,5.1631165,2.6237664,2.2444892,3.3738887,4.4717712,3.988803,4.773714,4.682672,2.618626,1.8047943,3.2111204,5.109521,4.2448983,,,,
82,3.3186634,4.473578,5.628586,5.387133,5.649594,7.610137,4.186444,5.918421,4.3914356,6.189085,6.551789,5.835572,4.189891,4.7018423,5.9176517,4.7153316,6.175834,7.532086,6.9606934,6.1481175,5.221644,4.5691166,4.917333,7.329617,7.630148,6.600181,5.8420105,5.6141934
83,6.6473165,6.8045607,6.389788,6.728057,6.5766907,5.9860864,6.5064497,7.3057637,6.389166,8.452101,5.6254396,5.150271,5.536049,5.732349,4.8188043,5.2925296,7.059991,5.5114894,6.2628574,7.089753,5.3058634,6.1704135,6.0774302,6.0026712,,,,
84,2.2684152,4.960772,2.196689,4.705269,3.8469808,4.5822425,2.9798028,2.712472,3.5834296,3.5459514,1.8577869,4.664063,2.6348882,4.9014864,3.0985096,1.6844573,2.3596961,3.576794,3.909008,1.4581454,4.6784043,3.7764587,4.2247624,3.2920063,,,,
85,1.1463473,0.71095157,1.5279299,0.9322373,2.1259592,1.7599534,1.5777034,0.6914596,0.4255096,1.5347735,1.2472649,0.8271865,1.0032471,1.247431,0.6082165,0.9440654,1.1525365,0.9967673,0.56566036,1.9524322,1.5603403,1.1456202,0.6447289,1.7560487,,,,
86,0.36050192,0.42802268,0.15744114,0.8097196,0.4152392,1.8473296,1.6408525,0.22153498,1.0270072,1.0311507,0.48377767,0.45305997,0.87436384,0.053210773,0.80944955,0.8616635,0.12089769,0.09856038,0.90618235,0.8658588,0.8795561,0.96982956,0.8503753,0.17000653,,,,
87,0.35993078,0.004361538,0.12530075,0.8298554,0.04021961,1.0260934,0.3637523,1.1796715,0.29146498,0.22657155,0.000996923,0.36155078,0.4607446,0.3746977,1.0734265,0.46995574,0.13547769,1.1536269,0.40820885,0.24634384,0.52497345,1.1040924,0.123794995,0.46026692,,,,
88,0.019969614,1.2022997,0.68370235,0.4066615,0.051113073,0.5732515,0.34964997,0.69516695,0.3054946,0.35324305,0.5870111,0.43925878,0.4788242,0.46340305,0.5575292,0.09081345,0.19408846,0.7902796,0.78862846,0.48567808,0.14743038,0.17033885,0.037758462,1.4540538,,,,
89,1.6237489,1.0348269,0.8804077,1.2386353,0.38236153,0.46608227,0.23785959,0.30487153,0.35171652,0.6850834,1.2852415,1.2123935,0.17249884,1.123657,0.56523454,0.30131996,0.76778644,1.0389184,0.6105842,0.088954605,0.05971154,1.1368454,0.20036076,0.35956728,,,,
90,1.6868665,2.0561018,1.5509111,1.2093403,1.2380747,1.3333223,0.96406615,0.28319883,0.88984734,2.0592794,0.56977266,0.7374115,1.6067077,1.2903093,1.3054707,1.8723147,2.3489168,0.40480268,1.0730008,0.41222766,1.2006588,0.85006374,1.6668866,1.2282404,,,,
91,1.3188148,2.1391892,1.694551,2.4091163,2.8688433,2.4438841,1.4723619,1.4474492,1.9420997,1.6390351,0.86427,1.5189266,2.712472,1.7266705,2.2611876,2.4950075,1.0180246,0.57600343,2.4544764,0.55965805,1.3746635,1.5542964,2.1805613,2.5229733,,,,
92,2.5627255,3.9110951,3.6643567,3.3423195,1.4956651,1.8953793,2.2422147,2.0845037,2.649728,0.85406184,2.2930267,2.7030115,3.218815,3.5618193,1.5017815,1.823528,2.8075638,0.93382615,0.5063538,2.8496733,3.219584,1.689795,0.46833575,4.2706313,,,,
93,3.7899897,6.457725,6.7642894,4.0932827,2.9660745,3.550645,3.8284338,4.328785,2.5093281,2.3741827,5.3185635,6.448451,3.4603717,3.6913774,3.6893733,2.3527071,4.8403625,2.504229,3.2146924,4.9624963,2.3628945,5.3492713,2.6379313,4.524857,,,,
94,5.8600073,5.1850486,5.582166,6.244518,4.3628263,6.51106,4.9279666,3.531953,7.579585,5.3185635,5.735225,5.846206,7.2637477,4.8762107,3.1232977,5.1444035,4.2742453,6.326962,7.0601153,7.086794,5.4618196,5.4486003,5.370881,7.2114916,6.384887,5.1708837,5.8625617,5.8145747
95,6.210467,6.868996,4.355827,4.3500843,6.5074778,6.9446692,4.902608,6.954338,6.237239,7.9465256,5.9135084,6.0505853,7.301475,5.7246647,5.433002,7.5992227,6.6466727,4.8730946,5.078949,5.994021,3.559036,5.3341823,5.69675,7.036075,,,,
96,2.58714,2.9309745,2.9537165,3.760674,2.0449176,1.5519704,2.1394696,3.9520419,3.043201,3.5974905,1.0810592,1.5257283,1.0001423,1.2005653,1.86219,2.1743932,3.2281823,3.3581977,2.9762204,3.7310884,2.287575,2.528737,1.155247,1.2465692,,,,
97,1.1489747,1.8298106,0.9777738,0.7260923,0.4654592,0.9595799,2.5304918,0.8684031,0.7237142,0.5713823,1.0314103,0.7385642,1.149286,2.8970065,0.8058046,1.5894587,0.6504819,1.4062327,1.7301806,1.935931,1.8285854,1.5281792,0.6053919,0.7709019,,,,
98,0.2149823,0.40012962,0.13873845,0.9340962,1.4480203,0.254475,0.34805074,0.8809892,1.0229468,0.66599655,0.94867617,0.2237573,1.1872628,1.0821704,0.34818575,0.41555077,0.8164696,0.25050807,0.45625848,0.47138882,0.57775843,0.3679269,0.6468473,1.0617231,,,,
99,0.14006768,0.1986369,0.12286038,0.44608152,1.0424907,0.23272958,0.23190925,0.9177714,0.27010384,0.73456615,0.5329384,0.028131915,0.69833416,0.36317077,0.41639188,0.084188074,0.41080502,0.8123988,0.50506616,0.44032845,0.6145719,0.83869267,0.97398347,0.31843382,,,,
100,0.8447573,0.72481495,0.49787998,0.3859027,0.64157194,0.8714977,0.14963195,0.45629993,0.9900068,1.0452114,0.6253408,0.51904386,0.17828307,0.026885768,1.0205688,0.13017115,0.42440885,0.22419344,0.07633731,0.4755219,0.2773108,0.7668934,0.32357424,0.11453192,,,,
101,1.1127738,0.21368423,1.6623485,1.413128,0.079608455,0.4977242,0.6394845,1.6036859,0.61423963,0.6420184,0.2512973,1.1748219,0.5113385,0.2141619,1.0309535,1.6134992,1.3988492,1.0960962,1.4838679,0.37163422,0.33560997,1.221615,1.0852027,1.3926392,,,,
102,1.2311896,1.1660781,1.0887647,1.825335,1.8871233,1.2112719,1.8590642,1.3888799,1.550371,1.4457875,1.030621,0.7289065,2.050951,2.0420825,0.7817954,0.57198465,1.5381795,0.52620924,0.98422265,1.0850054,2.3002546,0.74851257,1.2819911,1.45908,,,,
103,4.4248323,1.6766894,1.7429434,1.4510943,0.9345011,2.3706102,0.8778012,1.6295226,0.9822703,0.63252693,2.285716,1.7695487,1.6053265,2.069986,4.3067284,1.9303131,1.0038705,1.434593,1.2115937,1.2862384,1.0799688,0.6510531,3.098053,1.9795467,,,,
104,3.9165993,2.512838,4.5284915,2.0529034,1.9138741,3.4994802,2.7264597,0.5091473,2.4419527,2.3078458,2.3802366,6.027947,3.523988,1.8721073,0.69484496,2.7730455,5.119293,0.94229996,1.8393956,2.5234718,3.3893306,4.4430995,1.6796596,3.7552326,,,,
105,5.003827,3.718461,3.0318506,3.1120512,3.4470067,1.936658,2.430519,2.0248754,2.8549178,3.1667469,3.5216205,5.4701896,3.5446432,2.7703767,3.797882,3.679445,3.6200562,4.271784,4.3939075,3.4666026,3.7357097,5.8239,1.9576868,4.79332,,,,
106,4.7545233,5.9594193,5.2026196,6.449209,7.9879704,4.876511,6.42035,6.5388913,5.5899763,7.107594,6.196863,5.3474536,5.869883,6.991577,6.2915497,4.6389637,6.028352,5.9038925,7.2434454,5.748695,5.223814,7.4475026,5.1177664,5.574742,6.2510915,7.739394,6.579827,6.1316786
107,4.5868635,6.6359973,6.3107204,7.231576,7.8660455,7.0999303,5.572042,7.5450873,4.138539,7.331507,7.3676558,6.5992665,5.213959,5.655233,5.844669,5.3278375,5.453875,6.0922594,7.1494546,5.1115465,6.6109915,5.574275,6.5368657,5.0864673,,,,
108,4.8223767,2.6947973,3.461867,2.6186883,4.5535083,3.3548331,3.0333357,4.596833,3.0850198,2.6627192,3.2284105,2.1078484,2.208527,2.5735567,3.827333,2.9711528,2.5953436,2.9039433,4.183463,3.482574,2.365096,3.0587363,2.9229162,3.0191298,,,,
109,0.9854896,1.745955,1.2555103,1.2977653,1.3265932,1.1078204,0.16854231,1.2131827,0.9785422,1.6974795,0.646515,0.6986354,0.70527107,0.7022492,1.2628938,0.7259884,0.43391073,1.4485708,0.24953192,0.9882934,0.8609365,1.1732434,0.757568,0.43853188,,,,
110,0.023427693,1.035315,0.4414604,0.5228549,0.66217494,0.9618541,1.100115,0.4573696,0.6189854,0.16750383,1.1053799,0.5758165,0.44885424,0.1629346,0.5139865,0.07958769,0.18469039,0.06312808,0.028568076,0.08595346,0.84682375,0.6485089,0.28712422,0.4598827,,,,
111,0.94731575,0.127305,0.33863193,0.23163924,0.26847345,0.23758961,0.5949034,0.012388846,1.1987584,0.08026269,0.2833546,0.13431463,0.10088653,0.025234614,0.019502308,0.28256541,0.062432308,0.024476537,0.07225616,0.18435806,0.11425154,0.0058673075,0.17149153,0.12951691,,,,
112,1.8741218,0.7679111,0.15253961,0.193725,1.2436303,0.009626538,0.030925384,0.11185269,0.14423193,0.55955416,0.30584767,0.19521,0.02164154,0.59476846,0.35857037,1.4561826,0.27166155,0.06929653,0.037124995,0.34571424,1.0321685,0.07711615,0.009408461,1.0091666,,,,
113,1.5856476,0.64198726,1.4006354,0.24934497,0.840863,0.20165883,0.7425104,0.08719961,0.5603746,0.00031153846,1.0257092,0.23412114,0.32528767,0.26725847,0.15923768,0.25008228,0.6779492,0.26301116,0.35656613,0.5185765,0.8970438,0.80114186,1.8040464,0.025193077,,,,
114,3.0528793,2.0113752,0.80099654,1.7255906,2.6053128,1.8066322,1.1477492,0.24257421,0.75170076,0.5878834,0.82828724,0.5101235,0.9424349,0.3249138,0.63448966,1.318815,0.70816845,0.41364002,2.0142622,1.1328888,2.1044736,0.31915042,0.5796172,1.7999758,,,,
115,2.214706,0.6556742,0.53424686,1.073385,1.4314984,1.4703991,1.0373712,1.8482121,2.3833108,0.5204562,4.0184307,1.3148583,2.0893636,2.9859402,1.8291978,2.1218572,0.6919997,2.1114206,0.56250346,1.4079877,2.2820191,0.9383746,2.8398707,1.8118559,,,,
116,1.4190369,3.8737314,3.0909183,3.3865166,2.2598064,5.478809,1.43478,1.5967903,1.7117689,2.1200607,3.9119673,2.754644,2.272164,5.444488,3.5208,3.079973,0.70116925,1.1641984,2.5592675,4.708135,1.4154645,1.6328354,2.2448528,2.3937266,,,,
117,2.9983602,3.000562,6.1579003,4.2107015,6.9156756,2.1684842,2.2193792,4.049958,4.8464375,2.37302,3.4880574,5.4676766,5.49208,5.943364,2.5241778,4.4874105,6.3050504,2.9523978,4.09887,5.567493,1.5890644,4.4387274,4.280424,2.4850695,,,,
118,5.0514297,3.5253692,6.065913,4.600841,6.432044,5.22639,6.872299,3.4215024,4.2011065,7.5700727,6.971016,4.2650447,6.418388,6.4478693,6.1540785,7.353419,5.3768215,5.771904,5.298199,7.305369,5.8481274,3.0365756,6.023959,6.280148,6.2882996,4.93019,4.043177,6.4377866
119,5.2672014,5.0957513,7.157222,8.451041,6.339641,4.959308,7.098819,4.5350347,5.645762,4.444387,5.8854804,6.2757134,6.106413,6.3685937,7.664386,7.1605554,6.0043216,6.4911323,6.0408864,5.417841,5.997863,3.7638516,6.0340323,5.988641,,,,
120,4.480255,1.800848,1.3932519,3.2948515,3.7513902,3.7091768,1.728623,3.3043742,2.984507,2.846994,3.483436,2.2550712,1.5017089,4.556489,4.051391,2.2655387,1.0457618,5.22937,2.4019928,4.6224,5.2673573,4.137978,2.0144386,4.089098,,,,
121,0.5569373,1.1522561,1.1288803,0.41408655,1.3722854,1.5279092,1.2004097,0.74600995,1.8365295,1.0694907,3.016679,0.981803,1.588628,2.0876398,1.1153595,3.6012912,1.5790015,1.7522063,0.77929276,0.86836153,1.5990125,1.307101,0.45117,1.09188,,,,
122,0.07611923,0.2970104,0.63282806,1.4187772,0.017456539,0.35377267,0.80278265,0.13805307,0.800768,0.26346806,0.037613075,0.95261186,0.21866885,0.5112242,0.26877463,0.5838127,0.75507575,0.54191077,0.18120115,0.10221577,0.38970345,0.25954267,0.10952653,0.45653886,,,,
123,0.14151116,0.48454612,0.087137304,0.49429733,0.18870923,0.011464614,0.12523845,0.1386346,0.42843804,0.06383423,0.03866192,1.1228884,0.15483461,0.18484615,0.013053461,0.6554562,0.45085844,0.14645423,0.13073191,0.40150037,0.45161656,0.8596385,0.5673842,0.6622685,,,,
124,0.55019766,1.00278,0.13217539,0.96996456,0.22688308,1.635255,0.17861536,0.09781269,1.0753995,0.64000386,0.74289453,0.11579886,0.45053652,0.7949008,0.21791077,,0.4140865,0.016739998,0.46559423,0.77419376,0.2455546,0.20409921,0.26397693,0.49977,,,,
125,1.896833,0.9906819,0.16728576,0.7589181,0.8159399,1.0989416,0.7860219,0.16675615,0.2977996,0.56069654,0.3239169,0.36254767,0.46738037,0.6952915,0.28764346,1.2607441,0.21260421,0.09575653,1.2462057,0.5838334,0.72819,0.25579384,0.643815,0.8226381,,,,
126,0.6861427,0.699248,0.7724181,2.7025337,1.1705538,0.8769082,0.8225757,,0.86750996,0.7273385,0.26102766,0.4621673,0.86611843,0.49712187,0.8715496,1.3917463,1.0930015,1.8422723,0.32528767,0.6779908,0.46483612,0.9492785,0.5927123,,,,,
127,1.5743803,0.6845642,2.3765917,2.423925,2.4996495,2.6498525,1.6099269,0.81865036,0.46730763,2.264189,2.242381,1.116668,2.3297882,0.6450507,1.8433938,2.0297353,1.9197829,0.97677684,2.2150073,2.1109326,1.6699603,0.68006766,1.6254933,0.5467603,,,,
128,2.9888167,2.2521842,2.6566339,1.8270276,2.092344,3.604458,4.3691187,2.727654,4.590623,1.906283,5.4920907,2.3185003,2.2082262,3.753571,4.158,2.470988,1.9689751,1.161135,3.8596087,2.5842738,5.5926657,2.1277661,4.096388,4.3662944,,,,
129,4.3106747,4.3558474,3.1618347,4.760754,5.9087524,2.1821399,3.3659654,3.3057761,3.4120624,6.2040286,4.9848957,5.5896854,3.1807451,4.325244,5.900299,4.343874,2.1555035,4.9437933,5.699814,5.6601453,2.1015031,2.2555695,1.9050784,4.22577,,,,
130,6.3190074,6.6690516,7.1408243,7.1558614,5.29876,6.589215,7.2663236,5.3262377,7.0929728,7.613449,7.9666615,7.118103,6.0937023,5.102086,6.445004,4.7040334,6.818331,6.590368,6.9505997,5.099801,6.5948954,8.63215,5.5533805,6.0559545,6.3330264,7.4805574,4.5913916,6.580357
131,6.9189053,5.8938293,7.4372125,7.269262,6.428077,4.847642,7.9955516,6.541248,6.7791805,7.217412,5.7850413,6.4874563,6.5182567,6.0993624,5.7502103,5.69485,6.5381436,8.310881,6.4418154,6.1017714,6.390765,6.331292,6.7466354,7.425124,,,,
132,3.264622,3.5812383,2.7796397,3.7303097,3.8379464,2.4206018,4.002158,3.56076,3.7952652,3.8967226,4.5804462,2.054326,4.543778,3.1860728,2.147881,2.913996,2.7582164,3.9537966,2.5611472,1.5213149,3.6942954,2.880308,5.037608,1.9031157,,,,
133,0.63792694,0.63758415,0.8964519,0.5206326,1.8258021,1.3735626,1.189246,0.26448578,0.40888384,0.78476536,0.6276357,1.2356031,1.0011911,1.2292581,0.6185803,0.38115692,1.0082631,0.84633577,2.109593,0.76551235,0.847073,1.2604638,0.92482275,1.4593602,,,,
134,0.2828769,0.6011861,0.50073576,0.13044116,0.28559765,1.2609313,0.03641884,0.046668462,0.499905,0.3892673,0.37168613,1.0002773,0.55304307,0.14045191,0.30476767,0.3659746,0.8978434,0.52714384,0.31771728,0.47223002,0.18801346,0.5391588,0.31992924,0.11892462,,,,
135,0.81293875,0.19030844,0.27362424,0.28555614,0.4044496,0.3425054,0.03382269,0.05951423,0.8525042,0.19401576,0.046523076,0.106909625,0.36841503,0.2699896,0.020042308,0.40138614,0.19694424,0.055329226,0.26481807,0.8848315,0.8865968,0.34564155,0.3680411,0.16394193,,,,
136,0.8223472,0.9229949,0.05457115,0.4238273,0.52537847,0.31557804,0.8928277,0.52259535,1.3864291,0.66519696,0.22711152,0.18417117,1.2538384,0.5029477,0.4787308,0.1293404,0.65886235,1.3073088,0.43068117,0.26087192,0.93536305,0.5340081,0.1917623,0.7301111,,,,
137,0.81962645,0.52415305,0.58486146,0.1676596,0.91417843,0.7072338,0.8370518,0.95098144,0.61866343,1.027028,0.9874731,0.4049273,0.99022496,1.3216188,0.9097235,0.41133457,0.51409036,0.08744884,1.7131603,0.62331575,0.74095273,0.53639656,1.4796207,0.101312295,,,,
138,1.933574,0.71511567,1.9821115,2.5481248,1.0086265,1.3046502,3.2619946,1.0128427,0.96492803,1.5939761,1.1064703,0.961875,1.1219019,0.5870527,1.5506723,2.1316395,1.1367831,1.125578,1.5902272,2.962502,1.5298407,0.87137306,1.3389715,0.49768263,,,,
139,0.89872617,1.1409577,1.3298643,1.0078893,2.70703,2.1118982,0.4108569,1.3226365,1.0270385,1.6718503,1.5565603,1.557225,1.8543912,0.8227523,1.148985,2.8057048,2.0095685,3.2634065,1.2492692,2.1783495,1.0287311,2.3449605,1.9310191,2.2946157,,,,
140,2.844429,2.7768354,1.2256857,2.0006168,1.5794377,2.0949714,1.912597,1.7873168,2.5621443,2.724175,1.3312143,1.3015037,2.4857547,5.627973,3.8682797,2.712524,1.5887319,1.8772477,3.8723814,3.1056852,1.4964439,2.7422967,3.0409687,3.275027,,,,
141,4.215437,3.335175,4.4287267,3.11311,4.0563555,3.2631366,3.3117056,6.0676475,3.233468,5.6148477,2.3270571,4.6535015,3.98629,5.3561354,3.5116506,5.889645,4.2226963,3.6328604,2.1272676,7.048038,6.2403746,6.29343,2.4171958,3.6938388,,,,
142,7.34725,4.3003836,5.8709836,7.2354183,6.837272,7.262106,5.768903,6.6824484,6.576836,5.7218814,7.147065,4.8162913,5.5131507,5.4646125,5.63381,6.597533,3.862776,5.830515,6.572828,6.799119,8.067341,6.423071,8.316862,6.606744,6.034583,5.849498,6.073837,7.7086453
143,5.504552,7.113098,7.049232,6.326339,5.5687704,6.187154,6.712231,5.553495,7.074062,6.2570944,6.1948595,4.3287854,7.189622,5.611898,6.805827,4.508678,6.7742276,6.2832737,4.718312,6.566462,7.003197,7.378944,5.6777368,7.282595,,,,
144,4.3338428,3.7298942,3.230654,3.6362457,5.4315066,3.7400396,1.6644151,3.209012,3.0716443,3.5388172,4.624581,2.2821126,1.5572873,3.3429947,1.2824377,3.1191332,3.6399944,3.190465,4.5084915,5.4914985,2.8148851,3.4570901,3.648375,3.7090313,,,,
145,0.29943,1.3305495,0.7310561,0.6205119,0.99941534,1.3966581,0.64759505,0.8216307,0.8023776,1.3957442,0.9588635,1.467554,1.4584256,0.45330924,1.4300758,1.3619734,1.2407227,0.5613196,0.7793758,1.3429177,1.4276458,0.6138865,1.1752061,0.7563738,,,,
146,0.6376776,0.56774765,0.79955304,0.3890285,0.57729113,0.3119642,1.192486,0.57962763,0.77455723,1.0628757,0.40260112,0.50637466,0.37221575,0.36635882,0.6700881,0.84671986,0.63298386,0.51727843,0.5698142,1.4884788,0.5739473,0.6699323,0.15028614,0.64712775,,,,
147,0.09376269,0.22928193,0.47212616,0.16930039,1.1111642,0.59502804,0.4201719,0.25746578,0.0,0.2258654,0.38991114,0.050708074,0.5149523,0.9998723,0.019917693,0.18699576,0.2879342,0.309555,0.011038845,0.2880173,0.017124228,0.9314273,0.31599346,0.08477999,,,,
148,1.0659807,0.8528677,0.9622592,0.75474346,0.24848308,1.0507777,0.6287884,0.6755816,0.6881885,0.10048154,0.42783573,0.41601804,0.05724,0.031382307,0.54621,0.87431186,0.74033993,0.6971296,0.52428806,0.31274307,0.8985911,0.44031808,0.5005904,0.22692458,,,,
149,0.85648155,0.98018306,0.223965,0.81801695,1.55304,1.6794103,2.0033896,0.51990575,1.1652888,0.7364146,0.5797523,0.83699995,0.11784461,0.7476196,0.51455766,0.44739002,0.57915,0.48670608,0.4572554,1.6722655,1.8535914,1.0270488,0.5162712,0.54783,,,,
150,1.31058,2.9825132,0.5490138,1.6489419,2.6009305,0.7846511,1.0095716,0.4639327,1.1724126,1.3738015,1.718747,2.3408377,0.9138877,0.95557153,2.5791855,0.8397831,1.9208735,1.1280496,1.4083097,1.572563,1.8870093,0.82019764,1.1490991,0.5523576,,,,
151,1.4715002,2.350236,1.5903726,0.67269456,2.163053,3.2626486,1.2539111,1.0134034,2.7314546,1.6086392,0.44534418,2.8271387,1.4026293,0.98560375,2.5718536,2.59066,3.102788,1.7879193,1.5328419,0.36355495,1.6287125,1.1994853,1.7816676,1.9051303,,,,
152,1.5829995,1.9698472,1.2925626,3.1184998,1.8498323,1.8908617,3.3000643,6.442189,2.2735662,2.0904024,1.9424838,2.0954282,1.8968953,3.5607185,3.3998919,1.6801893,1.5054785,2.4299479,2.4767408,1.7844715,1.59273,1.9927557,2.58147,4.5368824,,,,
153,3.871042,5.3195395,2.1038504,4.27465,5.0853567,3.8042169,5.4545712,3.1351776,3.225586,3.6244073,3.4755125,3.261413,4.105142,2.723999,6.2581635,3.930089,3.9497986,2.8328817,4.3420987,3.2465837,4.6107173,4.052783,3.2913103,3.3200862,,,,
154,7.672081,4.5795736,6.5052032,4.0897937,5.7746043,7.239115,6.0148315,7.3166575,6.586785,3.7736967,5.605138,5.9905524,7.209976,5.447925,7.547175,5.3491464,4.676524,5.0200787,3.8060446,4.726734,5.92973,5.8051867,6.8432746,4.1303043,5.2605762,4.6778846,4.198386,6.440518
155,7.517901,5.8104305,7.031163,7.1544285,7.12313,7.526208,6.513117,7.1824155,7.771981,7.738034,6.5376554,7.2869673,6.8668895,6.982688,7.6452055,6.515598,7.202011,6.597045,6.2826715,5.8888865,5.4448514,5.9492726,6.435429,5.6686606,,,,
156,2.8998833,3.484786,2.847181,2.8074083,2.4859314,2.2666187,3.3877416,3.7034965,1.2241175,1.3469988,4.7327986,3.0792875,3.9617932,5.201446,1.7185085,2.9540281,3.5642698,3.3072298,2.3368602,4.142039,4.1137094,4.187876,4.5580983,1.93185,,,,
157,1.6328562,0.9113435,1.6075696,0.89676344,0.3439073,1.1872418,2.6420953,0.83628345,1.3350149,1.7211254,1.6873131,0.95544684,0.97502196,2.4959111,0.70401466,1.181094,1.8338917,0.91206,0.63458306,1.5056446,0.90533066,1.0487007,0.93891454,0.7489696,,,,
158,0.6575746,0.35673234,0.5903758,1.0726684,0.41999537,0.14386845,1.4436588,0.5414019,0.47761962,0.08716846,0.124241546,0.35938036,1.1496184,0.83741534,1.3425231,1.2216566,1.0372465,0.31968,1.3777269,1.5351993,0.7089161,1.0105373,1.0164981,0.67741966,,,,
159,0.72198,0.004984615,0.61802995,0.19397423,0.6774508,0.6453104,0.18773307,0.20517921,0.56174535,0.023697693,0.26070574,0.8077049,0.06653423,0.14905037,0.091550775,0.26517114,0.46037072,0.2502796,0.058548458,0.14149038,0.18242653,0.648,0.292005,0.52113116,,,,
160,0.05835115,0.18340269,1.0980693,0.37870613,0.7450338,1.1579468,0.46633154,1.1789343,0.2503627,0.6187673,0.015878076,0.601103,0.4605888,0.44716153,0.3722469,0.19667424,1.0835412,1.1030227,0.53192073,0.3850304,0.49330044,0.866295,0.3719146,0.405,,,,
161,1.2406083,0.3922373,1.126388,1.2890527,1.0686809,1.0091561,1.5106188,0.6170746,1.5836021,0.9777842,1.2331834,0.5688277,1.5548884,1.0676423,2.2331493,1.2761652,1.2797999,0.7050739,0.85667884,0.3132831,0.49013302,1.0145042,0.7006708,1.2063081,,,,
162,1.8266642,0.97845924,0.35654533,1.2962595,0.6427349,0.63304615,1.1081526,1.4027642,1.5773709,2.3119578,0.567405,1.1820391,0.92113614,0.725573,1.0247227,0.5007046,1.126793,1.3313906,1.239757,0.5606031,2.3050003,0.89762527,1.0576937,1.2200158,,,,
163,0.82158923,1.4398683,1.8120427,1.0327916,1.5887319,1.3645489,1.6697006,1.7736714,1.6159292,1.302698,3.5264387,1.4833074,1.8454707,2.6168818,0.6729127,3.129705,1.1403761,1.2176793,2.7947493,1.501231,1.6149738,1.201905,2.765807,1.2980354,,,,
164,1.4778762,1.9828384,4.056376,2.300971,1.0496458,0.6672531,3.0994961,1.6323992,2.7991421,3.610388,3.589453,2.2995381,3.74625,2.8534224,3.0064082,3.292837,2.275456,2.6646922,2.4360125,3.572079,1.9287969,3.2001126,3.1585536,2.2768893,,,,
165,3.2824004,3.6166189,3.8091905,4.9672313,2.5573256,2.4270403,2.6250334,2.8555925,2.6028519,3.66147,3.9682212,4.8890977,5.271667,3.1604955,2.4252229,4.479227,3.1217191,2.552466,3.6428087,5.038791,3.2128649,4.610239,4.3690877,4.0265827,,,,
166,5.9349213,5.8187594,5.846341,6.007199,6.486863,6.180798,5.6950893,5.8957205,7.073688,6.500748,6.9366117,7.3933997,5.0505056,6.5346646,5.348689,4.577029,6.7746115,6.489211,2.9226048,7.428645,5.8450537,5.605667,5.7022963,5.6824822,5.654153,6.18274,4.390927,4.487369
167,7.226051,5.2391424,7.325816,6.795266,4.521981,7.334259,5.116936,5.1416407,6.6043973,5.6161757,7.007383,6.15681,6.1811724,5.014346,6.5448,6.735773,6.524342,5.508851,5.970655,5.3555636,5.962171,6.688357,5.9190335,5.129938,,,,
168,3.1076894,4.3152337,3.2363133,2.555498,2.726813,2.6531236,4.9029818,2.0144076,3.706882,2.2003543,3.1626763,2.0178761,1.2586776,2.9327087,5.0401525,3.29454,8.236994,2.871346,2.237116,1.4107083,2.5387373,4.735291,4.089046,1.7937242,,,,
169,1.7926234,0.37283882,0.97455466,1.6307584,1.1346542,0.76307195,1.1430657,1.2874639,1.5005769,0.30605537,0.47553226,0.7190204,1.0679123,0.6897046,0.5068627,0.7155208,0.2857327,1.190866,2.5717914,1.2069,1.2988765,0.3441254,1.3043907,1.1121093,,,,
170,0.17615423,0.64275575,1.0313169,0.7120419,0.657803,0.5592011,0.75601035,1.2534854,0.08148808,0.9831738,0.39478153,0.2782765,0.2749223,0.94474036,0.7994181,0.3435023,1.373085,0.74318534,0.57640845,1.11051,0.19995576,0.7489799,1.0903119,1.8632076,,,,
171,0.53065383,0.66271496,0.21877268,1.0686703,0.40044114,0.10188346,0.637148,0.62167495,0.19883424,0.582255,0.17529228,0.7665507,0.14392038,0.67682767,0.019263463,0.30220267,0.8066873,1.0919734,0.7360719,0.34088537,0.1268273,0.78108925,0.57330346,0.23371615,,,,
172,1.0993464,0.5235404,0.38116726,0.5403946,1.0377345,0.8667829,0.40280885,0.7299865,0.42521885,0.5282446,0.14845847,0.9859361,0.6831519,0.63145727,0.05914038,0.5743107,0.8531169,0.15122075,0.41472,0.2764592,0.48083884,0.76478535,0.5386811,0.6689977,,,,
173,0.38393995,0.68310004,0.41799113,0.47694463,1.3570096,0.84535956,1.3063222,0.93629766,1.3651614,0.6627045,0.4333396,1.0109318,0.5638223,0.45101422,0.7209623,0.6711784,0.3965781,0.99171,1.129514,0.69353646,1.4207294,0.58293,0.6521953,2.3076274,,,,
174,1.3880075,1.4458187,1.1209464,0.79869115,0.9860919,2.9789097,0.9882415,1.3058757,0.94894606,1.6626807,0.90522695,0.7730412,2.1519518,1.5854815,0.9889996,1.5494573,0.7532273,2.0232449,0.7646711,0.8940842,0.7577654,0.55465275,2.363798,0.58999157,,,,
175,2.393093,2.1366968,2.9552536,0.9536191,2.1832197,0.87547493,1.8625222,0.9080827,1.8936347,2.263597,3.3784995,1.6166666,1.6551414,1.5939448,1.1326292,2.7482677,1.1886646,2.0690513,2.887681,2.6042953,1.6364492,2.3731754,1.7477931,1.846717,,,,
176,3.7960856,2.1343813,2.2807627,3.3510528,3.7191358,1.7766935,2.3755534,3.8664207,2.263306,3.756354,3.5646021,5.8501315,4.2027884,3.3295465,2.3426757,1.6623172,2.1455133,1.1820912,2.0111678,2.0736728,3.6496108,1.7662048,2.7454326,3.2895343,,,,
177,3.9955013,5.43104,4.513673,3.4359677,3.3787282,5.969824,2.6514208,3.5958803,4.954593,6.2945514,2.8795085,5.69945,3.257197,4.5780263,4.467295,5.3495097,3.7687533,4.423088,4.6499815,3.5600228,3.3558092,4.4735155,4.7983465,5.6486387,,,,
178,7.2387824,6.9618254,7.6341977,6.3898196,7.8333025,6.836234,7.462623,8.996525,6.896433,6.332985,7.471149,7.4946594,7.7919087,8.116677,8.400956,7.4667873,6.6689787,6.9961777,7.918134,8.005541,8.403656,6.7030716,7.283811,6.797925,7.1175737,7.471886,6.8716245,7.0721307
179,7.6510725,8.001833,6.458109,6.8069487,7.0789433,6.36715,7.1161723,6.9945374,5.132004,7.7139835,7.7207747,8.586405,8.460648,8.26256,5.8158727,6.8382897,6.101855,7.0823703,6.9899364,6.23189,6.2192836,7.0897427,8.013299,7.4973288,,,,
180,4.6088896,3.244081,4.11237,4.920397,3.5200834,3.9777436,6.7536345,4.243798,6.2019205,3.463882,3.9333806,5.3416696,4.438883,3.731047,6.4589505,4.6790166,5.0338693,5.316228,4.087447,5.534896,2.9729388,2.592187,3.7908728,4.310716,,,,
181,1.4808669,0.9696012,1.0783176,0.77937573,0.7394158,1.153762,0.70983,1.3277873,0.77249074,1.228583,1.2645968,0.7953161,0.50101614,1.1434188,1.0352007,2.4942598,0.79493195,1.7186745,0.8291699,0.37443808,1.1801076,1.5726981,1.8429991,0.9791445,,,,
182,0.53692615,0.6463696,0.6932354,0.53988576,0.015711922,0.28921154,0.6835362,0.11175922,0.56593037,1.1929119,0.5220762,1.3453789,1.5620954,0.598268,0.3478223,0.97446114,1.0928457,0.56911844,0.30366692,1.0242969,1.5406095,0.19694422,1.3479958,0.4029854,,,,
183,0.021776538,0.4666534,0.06700153,0.3858196,0.7476922,0.64088655,0.53170264,0.8498354,0.19351731,0.16373421,0.2454196,0.046668455,0.44156423,0.4658642,0.33117577,0.13427307,0.5370404,0.21697615,0.54753923,0.03931615,0.67899805,0.5824523,0.6003761,0.01941923,,,,
184,0.31501728,0.09566307,0.19621731,0.4578369,0.5809258,0.010280768,1.0761888,0.8062511,0.14268462,0.22848228,0.11486422,0.18598846,0.9953757,0.24340497,0.30147576,1.0808825,0.3418823,0.5779973,0.0,1.03707,1.0446818,0.76141036,0.010478077,0.028516151,,,,
185,0.9058188,1.3363963,0.3374481,1.0145562,0.28947115,0.48868957,1.0805192,0.53369653,1.0556585,0.60181963,1.3143287,1.9939913,1.4370854,0.5623373,1.3540916,0.37279722,0.9282912,1.0068611,0.84916043,0.32248387,0.25441268,0.46770233,0.12233078,0.69525,,,,
186,1.8814743,1.2544512,1.4294941,1.0931573,1.6913838,1.1271981,0.6918335,0.78473413,0.8052957,0.8924123,0.73412997,1.44099,0.89285886,0.3598684,1.2701111,1.0321684,0.99406725,2.9649844,0.5914246,0.5140696,1.098173,1.3188462,0.7141603,0.34972265,,,,
187,1.8151582,0.25167114,1.7604415,2.008779,2.6953478,2.11518,1.7319462,2.021999,0.5825561,0.9532142,3.0384867,1.1022232,2.0150099,0.89777076,1.3028432,1.920271,1.9562849,1.3236334,2.4369886,1.7513134,3.2530012,1.5433095,2.6369963,2.314876,,,,
188,2.3538394,2.4509976,3.0877614,1.4096389,5.3108063,3.352455,1.123906,3.8319852,3.1178355,4.3843117,4.274692,2.9234772,4.8984637,1.8269655,4.893553,3.8480086,2.1877582,1.7191834,2.1963046,3.5095432,4.34052,1.5575054,4.239945,2.027783,,,,
189,3.724162,3.1065059,2.6877253,4.6946664,2.1008801,2.4034154,2.7613313,2.4937925,3.6664546,5.7595778,3.5086186,3.9339414,5.3942676,2.4421499,4.3121386,2.2241352,4.6038737,4.941675,2.7542803,2.6987123,2.2200851,2.6468203,4.6058054,3.9024963,,,,
190,7.505875,6.857096,4.3575716,4.7196417,4.6728168,6.535973,4.002698,4.8784223,6.250697,5.7129087,4.122225,3.584582,4.58514,7.1277194,7.580592,3.8557456,5.4620275,5.6691895,3.8375616,7.113451,5.7380605,7.187015,5.54878,5.4343314,5.639095,5.915149,5.7261295,5.348481
191,8.099543,6.4875593,5.9824524,5.1932735,6.6428094,6.374471,5.7976785,7.4393826,5.411984,6.6541805,5.9202795,5.2631097,7.6834836,6.044179,5.709721,3.7874873,5.672035,7.3776774,6.477954,6.1402564,7.4756246,6.158191,6.1668725,6.37119,,,,
192,3.0865672,3.760695,2.793233,4.8116493,5.8858852,3.1950865,3.4566646,3.885819,2.913279,4.181781,3.171015,3.6417909,3.0560052,2.6446605,3.1491969,2.9548593,3.1184378,2.6392083,1.3757539,4.8332906,2.9759192,3.8622358,3.619163,3.3019025,,,,
193,0.69620544,1.21365,0.5342262,1.03194,0.5506442,0.85831964,1.132058,1.252125,1.1521938,1.1027007,0.29289806,0.8528884,1.7094636,0.16405615,1.2271396,1.2730187,1.089398,1.6848104,2.2722158,0.4379296,2.353351,0.8741976,1.432651,0.49369496,,,,
194,0.18889615,0.14068039,0.45510578,0.42071187,0.11032616,0.68510425,0.11921538,1.016363,0.35462424,0.5715173,0.37682655,0.55741495,0.62825876,0.10094885,1.0500716,1.8045241,0.16149114,0.050510764,0.9968089,0.5818188,0.6273866,0.4699246,1.0642362,0.9825611,,,,
195,0.35635847,0.40789732,0.26733112,0.31365693,0.16610192,0.2352946,0.23775578,0.11173846,0.29587844,0.3730777,0.117584996,0.17848039,0.12110538,0.016345384,0.20437959,0.17335036,0.013790768,0.073865764,0.07024154,0.43701574,0.111354224,0.089785375,0.05590038,0.25196192,,,,
196,0.57073843,0.7988781,0.6050389,0.29115346,0.14974616,0.31867266,0.7636223,1.0995854,0.5470927,0.059576537,0.050728843,1.2187696,0.6069912,0.6184142,0.89777076,0.49321726,0.40057614,0.9002838,0.26071614,0.83697915,0.4890219,0.058257695,1.0800414,0.79713345,,,,
197,0.40203,0.7541516,1.3760031,0.23392384,0.43519846,0.48683077,0.67749226,0.46974805,1.8338399,0.8655888,1.7678457,0.41226923,0.8144653,0.17967461,1.1228365,0.55006266,0.3008319,0.19205308,0.51855576,0.2874877,0.2027077,0.45449302,1.169671,0.5505612,,,,
198,1.351838,1.1085161,1.6739687,0.8687353,1.0761681,1.4905142,1.4260985,1.9527646,0.70970535,0.65015996,2.1710596,0.89600533,0.44106576,0.38935038,0.4920646,0.7639961,0.3097627,0.83268005,0.8699297,1.2115939,2.1626687,0.29446617,1.3093961,1.2153218,,,,
199,1.5689596,3.8816447,1.5716077,2.1543403,1.713908,2.2928193,1.7296615,3.525099,1.6197507,2.697383,1.9710312,2.097017,3.1618142,1.628453,1.364881,2.737966,1.6128864,2.6647856,0.8207896,1.6305506,1.1544265,1.3391064,1.0585142,0.60323185,,,,
200,3.7827413,2.5472734,1.802634,2.8799968,1.1844172,4.7024336,3.0986135,4.2582216,1.1840227,1.5808707,3.8116624,1.6484642,3.1156235,1.1208011,2.5118308,1.9384961,4.47688,5.570266,2.2257035,2.9510791,3.481328,2.6313887,1.8845687,2.5817606,,,,
201,4.2082515,5.167592,3.9159763,1.5954401,2.470936,5.361203,3.0416641,2.698972,2.4012241,1.6849868,3.0631914,4.6039987,5.6320543,4.441593,2.5470035,2.8330684,4.3652043,5.172992,5.2087674,2.8629553,2.8969755,4.507515,4.701821,2.85903,,,,
202,4.5133305,7.850074,5.5390806,4.317944,5.766515,7.785844,5.678858,6.0517383,5.6845803,6.5828805,5.743772,7.162383,5.774106,5.6823163,6.5660367,6.4098206,6.75513,6.590098,6.65254,5.226639,6.5793285,7.210806,6.479367,6.799897,6.771922,7.7355623,6.973052,7.0532613
203,7.3079023,6.551446,6.9309726,7.6959963,7.943867,7.375694,8.4502,7.120637,6.5870442,6.5407186,5.934621,6.4348683,8.556912,7.1950636,6.6645136,6.406227,7.3549037,6.8587575,6.97058,6.6338797,5.4560876,7.9289646,7.62969,6.6618032,,,,
204,3.6112394,3.3506792,5.717354,3.570812,4.2887526,3.6635883,5.3073483,3.8701072,3.3023388,3.7929077,4.9218607,3.135001,4.6958714,2.5877626,3.4445038,3.6925201,4.5482225,5.2448015,6.0291204,2.6881926,3.8483202,4.8426576,4.0390444,4.8930855,,,,
205,1.0082526,1.7233684,1.6654432,0.7372765,2.6016994,0.6641792,2.3567364,1.2142107,2.1416712,0.55952305,1.4312907,0.4135569,0.8007473,1.8829073,0.84178734,1.8094362,0.54477686,1.3564178,1.7731626,0.853605,1.2545446,1.3475285,0.2675596,1.442475,,,,
206,0.5613196,0.19877192,0.26934576,0.06302424,1.8247222,0.15166731,0.99333,0.7096119,1.0405488,1.1395972,0.7128104,1.1592346,0.02499577,0.62119734,0.24437076,0.5942908,0.5778207,0.32734388,0.08810307,0.5468123,1.2622085,0.016511537,0.072225,0.1038046,,,,
207,0.025089227,0.08512269,0.2830742,0.012160384,0.9297035,0.09304614,0.20996651,0.28380114,0.12130268,1.2007523,0.28371808,0.45130494,0.28337538,0.0,1.08351,0.13744038,0.15121038,0.68079466,0.69602877,0.2748496,0.12471922,0.02909769,0.047831535,0.10060615,,,,
208,0.1728519,0.55763304,0.932715,0.43235308,0.71992373,0.1053623,0.34559998,0.6213634,0.07942153,0.31142423,0.67217535,0.49213728,0.29228538,1.083053,0.2150446,0.8438953,1.069688,0.3639496,0.51534694,1.1221408,0.5069873,0.43171963,0.49080804,0.18155421,,,,
209,0.80613697,1.1175404,0.75999796,0.95191604,1.074382,1.0832297,0.74306077,0.89248496,0.41014037,1.0969893,0.7800508,0.9460799,0.31049997,1.5084589,0.8795769,1.2997282,0.38687882,0.8282146,0.5438216,1.1554961,0.33997154,1.1908557,0.46774387,1.3467704,,,,
210,1.0543084,1.0666869,0.8936792,0.7769562,0.616545,0.43343306,1.5911931,0.45480463,1.4752489,1.4803581,1.1401061,2.8945765,1.1916139,0.7601019,1.9153903,1.0316701,0.49636382,1.8818377,0.35725152,0.7447223,2.53773,0.18530306,2.349031,0.3033554,,,,
211,2.509214,1.2256961,2.6396344,2.8188002,1.643978,1.7452592,0.53352,0.9184153,2.381514,1.6532413,2.7388382,2.7351625,1.7178853,1.8788573,1.2984405,2.737665,2.2164714,2.610734,1.5940489,2.0955012,1.8649107,1.52658,0.5832104,1.3803438,,,,
212,1.5571835,2.2126083,3.330855,1.2968619,2.18727,3.271496,4.5273595,1.5329977,2.53179,3.6811278,4.060395,2.242516,1.9614565,3.0648844,3.5291698,2.1704884,4.8683906,4.0673213,3.1822927,1.3660754,3.0006347,3.846409,2.4915287,2.2306776,,,,
213,2.6539752,5.09598,3.3839722,5.322634,2.97459,2.4144957,3.3028371,3.2914762,5.569976,4.108808,4.0129895,1.9731911,2.9628448,1.6567408,5.615169,3.8650293,2.3485537,3.1725934,2.3787,1.9019109,3.0139577,2.008187,2.7931912,3.4847448,,,,
214,6.7653174,5.2662973,6.273387,7.702685,7.4137015,4.2715554,7.0026884,4.522323,5.9177456,2.6999688,5.9155965,6.6673384,6.6083636,7.280238,5.5675354,4.030591,5.571824,4.75525,4.3385053,6.503479,6.2784348,6.506107,4.9712605,8.255831,6.04205,6.4882765,5.603009,5.19345
215,6.1574955,6.9234953,7.6455793,6.1810055,6.405428,6.463052,6.554634,5.8880243,7.0547366,6.112197,6.570979,6.5058994,6.4133615,6.013056,5.5574718,6.401845,8.168579,6.3856454,7.827456,6.731484,7.6115594,8.122701,6.823409,5.568397,,,,
216,4.331807,2.1306012,2.4424405,3.2152326,3.2066445,1.8145556,4.353345,3.3941908,3.185605,4.2000265,4.111685,3.1390824,3.816938,3.4679422,3.1427999,4.158737,2.607203,4.401758,3.4020932,2.2996523,3.2824626,4.6432624,4.212675,5.6733546,,,,
217,0.7089577,1.0031434,2.539132,2.6873205,0.88729256,0.76983225,0.9915438,0.59853804,0.7762292,0.9369727,1.2345854,0.49892882,0.8268231,0.49711153,1.2589166,1.5649616,1.0720452,1.7558619,0.89009655,0.69438803,1.5644317,0.5419211,1.0468626,0.59407264,,,,
218,0.0037384618,0.5138827,0.15385844,0.8950188,1.3669997,0.32417652,0.40867615,0.28160998,0.38647386,0.6105842,0.10763653,1.0384512,0.011485384,0.18728653,0.3892569,1.1298045,0.6115811,0.76738155,0.016303845,0.23613578,0.31614923,0.09149884,0.07639961,0.09374191,,,,
219,0.013427308,0.71255076,0.015452307,0.4009604,0.5042873,0.029980384,0.7076804,0.33088496,0.04902577,0.26859805,0.5222838,0.20961347,0.111852676,0.004974231,0.26526463,0.20480537,0.48945808,0.28546268,0.06028269,0.37666038,0.6154857,0.35657656,0.022274999,0.21204343,,,,
220,0.7237765,1.2187903,0.29811114,1.1218188,0.71834534,0.24427731,0.9689158,0.19378732,0.08374154,0.5870319,0.047249995,1.0840396,1.3263645,0.16646537,0.042566538,0.12880038,0.17523,0.84458065,0.06993,0.48681003,0.15693232,0.27422652,0.36417806,0.80742455,,,,
221,1.0031018,0.67261153,0.27198344,0.3490996,0.022368463,1.1385173,0.92655694,0.8752258,0.16012038,0.8446327,1.0798234,1.6836578,0.94239354,1.20204,0.71348536,0.3345404,1.0937492,0.370845,0.2363227,1.1571473,0.5600423,0.86498654,1.030673,0.41534302,,,,
222,2.0440557,0.94662,0.7973619,0.5666469,0.5493149,1.2977861,0.8661808,0.7264246,0.38512385,0.86369884,1.4029406,1.9436262,1.2222486,0.59227616,1.988903,1.1632015,1.1378112,0.45463845,0.65882075,2.0255089,0.9842122,1.0277653,2.1638732,0.81574273,,,,
223,2.354566,1.4581869,1.3149725,2.7487657,3.0175095,1.1979381,2.333537,2.1227398,0.7062369,2.0029016,2.680477,1.239923,3.225243,1.5557504,0.8475611,1.7904633,1.0648384,1.1800143,3.615196,2.2258177,3.237705,2.535196,1.0672684,2.555498,,,,
224,4.830518,5.614712,2.1512976,2.959522,3.9712431,1.3893161,3.2681005,1.9314969,4.051682,2.4860144,2.1172152,3.008849,2.3049693,0.7800507,2.3776927,2.1241002,2.8956773,5.072843,3.1483557,1.8885669,3.2806456,2.9046702,2.3274415,1.8038802,,,,
225,5.1818705,3.64177,2.3406298,2.943031,2.227988,5.6939883,4.89267,2.103705,2.656125,5.1030416,3.6921463,7.6940236,5.335023,3.4981718,3.7179103,3.6230779,5.456866,6.1553454,2.8338683,5.464291,6.0885515,6.1417727,4.749954,2.8813047,,,,
226,4.655018,7.4136906,4.8830433,6.3464227,6.1709538,6.7521286,6.1404853,7.149454,6.672084,4.4323096,5.2068152,6.2861505,6.8800254,5.933167,5.212454,4.572294,8.148413,6.8226504,6.23942,6.744641,6.6379495,6.0416965,6.9514513,7.359338,7.111353,6.742243,7.796157,7.242002
227,8.256475,8.0390005,7.563001,6.8999224,5.7072597,6.7630744,5.9919643,6.4373503,5.85036,6.9370575,7.9841285,8.267182,6.0829234,5.6307774,7.3201776,6.285289,5.889157,7.3055243,6.9127994,5.957321,5.966834,7.1959677,6.128065,6.07528,,,,
228,5.034243,3.2995973,4.4689255,3.6303265,2.801333,4.8702083,5.110539,5.479733,5.950228,6.1303706,4.6041026,3.5239775,3.687172,5.2066073,5.8777966,4.342067,4.170856,3.2973647,4.3394294,4.684562,4.854673,4.092774,2.8432972,4.8334255,,,,
229,1.1005822,0.7216685,1.3211722,1.0897096,1.1050581,1.0291464,0.666225,1.8856697,0.5375804,0.6185181,0.46322653,1.2784188,1.4505231,0.6536907,0.35952574,1.4508345,1.9523076,0.90940154,0.3449977,0.46893808,0.83842266,0.3318508,0.52533686,1.6012038,,,,
230,0.83195305,0.27615806,0.05514231,0.58515227,0.34643075,0.63246465,0.47533497,0.5000815,0.22453617,0.46630037,0.03466385,0.61027265,0.44043234,0.13689,0.90436494,0.81152654,0.49843037,0.733995,0.14197846,1.5503399,0.78327,0.82738376,0.17312191,0.15889499,,,,
231,1.5994072,0.17900999,0.0012461537,0.12065884,0.021599999,0.03364615,0.54742503,0.5063123,0.44360998,0.031828847,0.17009999,0.01343769,0.89434373,0.14715001,0.44630998,0.6825184,0.32343924,0.5440084,0.013905,0.011215384,0.22087036,0.30529726,0.35089615,0.14744076,,,,
232,0.3046846,1.0256572,0.12515537,0.09433385,0.6344272,0.5673738,0.8238323,0.55209804,0.012503077,0.7285639,0.8965973,0.15944539,1.3266346,0.5895242,0.18251999,0.7417523,0.26720652,0.64484304,1.6409354,0.07804038,0.136755,0.107190005,0.425115,0.35387653,,,,
233,0.14139691,0.6984173,0.17796114,0.53939766,0.48925036,0.44154343,0.36655617,0.29323038,0.81026995,2.355345,0.39548767,0.54001033,0.7425727,0.7475053,0.8096053,0.39327574,0.44941494,0.34083346,0.48988378,0.19061998,1.4273031,0.74240655,0.8260442,1.247836,,,,
234,1.7685623,1.0739354,0.3222242,0.48271844,1.0888476,0.62231886,0.54362416,0.13494807,0.6483634,0.3293481,0.48098418,0.93418956,2.2531915,1.6304779,0.80469334,0.88768727,1.907716,1.6040076,1.6015671,0.7477753,0.5615169,1.2116768,0.41917497,0.41748232,,,,
235,0.70951843,2.2910745,2.6923053,0.97966385,2.0882838,2.0241587,0.9031293,1.1190877,0.6674712,3.7926173,0.7190515,1.0139538,1.731884,2.7759013,1.6430746,1.7906502,1.1846145,2.0809107,0.88923454,1.9175814,2.9320753,1.4127127,2.1190531,2.4797528,,,,
236,3.8794427,3.1760724,2.9160104,1.6802619,2.7429821,3.344064,3.303554,1.6591396,1.0003604,3.12715,3.220186,3.5111835,3.4530194,3.6041777,2.21022,3.9789693,4.8553786,3.4272661,2.0927284,3.1633718,2.6394267,4.0112653,3.1025596,2.539537,,,,
237,4.628236,3.8004267,4.578847,4.318494,4.118102,2.3243985,3.7768223,2.6461246,2.5973375,5.3851495,7.4211264,4.438364,2.4028442,6.5269175,3.3689663,4.4448023,5.6348166,3.2791188,4.0755253,3.720392,4.762862,4.627665,4.4011245,3.5519228,,,,
238,4.763797,5.6177754,5.251905,8.140925,2.737104,8.061151,7.9995704,5.400529,7.5844564,7.8788276,6.854417,5.736835,6.773615,7.1239495,6.590087,6.7624307,6.7634892,4.946244,6.8330665,6.8867755,6.8012166,6.658127,7.855047,7.80571,6.6795816,8.403335,7.8460855,6.7868967
239,7.2063932,8.253775,8.135817,6.4059677,6.0148106,6.598592,6.3758945,7.2437887,6.752451,6.5343943,7.009553,6.724558,7.329233,6.1182203,6.2517776,6.2828274,8.252176,7.8548713,6.147401,6.690506,6.9106293,6.4551597,6.984049,6.834489,,,,
240,4.694303,4.6405416,3.2053258,4.936763,1.7915124,3.0961833,4.6042995,2.694434,4.6564198,1.9814987,3.7312648,4.915256,3.7496037,4.8451605,3.3770041,5.0182614,3.991005,3.796823,4.246757,4.680938,3.1584496,4.233185,3.6144485,5.535841,,,,
241,0.9373257,1.2775674,1.4553416,2.2274897,1.6273522,0.75395423,0.8193462,1.7504203,0.47012192,1.6910307,1.05435,1.6369996,0.9557897,0.70411843,1.3817978,2.925284,0.36225694,1.3851624,1.0365195,1.6308726,1.6693892,1.101735,0.35373116,0.8034265,,,,
242,0.363825,0.7839346,0.12328616,0.671033,1.3687131,0.09806192,0.6049973,0.20700693,1.0137149,0.38296384,0.35405305,0.30252463,0.5175381,0.27542073,0.45371422,0.06057346,0.14132424,0.44970578,0.65213305,0.053688463,1.1761718,0.82579494,0.11658808,0.011911153,,,,
243,0.49556425,0.14980847,0.12833308,0.14853114,0.41061804,0.17709923,0.036086537,0.5846746,0.4372338,0.5670623,0.03973154,0.71384877,0.41293383,0.7522096,0.04874538,0.044321537,0.088393845,0.6332746,0.57210916,0.07254692,0.05916116,0.017134614,0.5358254,0.049046535,,,,
244,0.0,1.3592318,0.34817538,0.3789969,0.036771923,0.4652619,0.30998072,0.012129231,0.65475,1.065337,0.21413077,0.69260186,0.82409185,0.5997531,0.31072843,0.29261768,1.0267477,0.40453264,0.83955455,0.23715346,0.3803988,0.25167114,0.06838269,0.3363161,,,,
245,0.73883426,0.2822538,1.6300938,0.725625,0.108934626,0.22517999,0.19944692,1.5076281,0.06582808,1.1245085,0.20019461,0.20473269,0.42424268,1.0215969,0.3230446,0.6336381,0.7476922,0.61853886,1.2755526,2.4632933,0.19511653,1.5897079,1.127063,0.39799038,,,,
246,1.1980835,1.4859242,2.2061388,1.5093727,0.94098103,0.7446393,1.2051449,1.0565931,1.4132943,0.088580765,0.77814,2.0964046,0.7522408,1.1015584,0.9354877,0.8775208,1.0942996,0.4515023,0.82971,1.8401018,0.79954267,0.45725536,1.7027652,0.16012038,,,,
247,1.7870885,3.1080527,1.48932,2.6274426,1.7457161,2.876746,2.2743967,1.7844715,2.5857692,2.1040163,2.374598,0.5365211,1.3812681,1.6557647,1.455923,1.4161707,1.6031042,3.2653697,0.6970569,2.5849903,2.2177696,2.1213171,1.87515,1.2223834,,,,
248,4.1901197,3.5835958,2.85255,1.737699,1.9852269,2.5129106,3.3544693,2.378752,2.0981905,3.470123,4.610873,1.8653779,4.3038726,0.715043,1.0310677,3.5116096,1.8131849,4.2712026,2.7179759,1.9575727,2.431734,1.5600393,1.0490227,3.130494,,,,
249,2.5811377,5.112003,4.514109,3.1787515,4.394229,5.830307,2.0026627,6.9710774,5.785072,6.2835026,3.567738,3.988419,5.5836415,3.5173628,3.1120098,3.9188936,3.5631795,3.3397443,4.3906984,3.8401475,5.3680463,5.55498,4.8047953,4.78306,,,,
250,7.122122,5.167572,6.641637,5.5914197,7.2532907,5.174186,4.88918,6.343256,7.6293383,6.3560076,7.069939,6.275828,6.166436,8.862957,5.47562,6.472668,7.2390523,7.1228704,7.551349,3.863284,7.0391593,6.6047597,5.79203,8.00497,5.8085513,7.350937,5.3518877,7.4311686
