time,0,1,2,3,4,5,6,7,8,9,10,11,12,13,14
0,0.22703093,0.08839,0.41043094,0.032638427,0.24760874,0.13838293,0.23129174,0.18495625,0.1500393,0.09995819,0.37650606,0.23693782,0.28748196,0.23759185,0.03499468
1,0.30435482,2.727476,0.7053611,0.85666174,0.64438343,2.2554915,2.0930498,2.7955573,0.8305089,0.12797832,1.6044685,1.3235885,0.58692056,1.0353483,0.9206777
2,0.7204275,1.0634952,0.5066823,1.3696682,0.5807995,1.7264085,0.42313865,0.9137262,1.756604,1.9653804,1.6462573,2.712829,0.8273669,1.6986929,1.5564811
3,2.344507,2.1334965,3.9436302,3.083107,2.3744612,1.8603936,2.5798352,1.8575991,3.7682111,3.816762,3.3460526,4.1252265,1.8905098,2.9643881,3.5441847
4,7.8922253,6.4194813,6.8151727,5.307736,6.3458323,6.5601015,6.4736843,5.6091895,7.430569,7.773652,6.459687,6.084523,6.703307,5.571838,5.4705205
5,8.006291,10.365294,10.283216,7.8986034,8.722162,10.015798,9.487873,9.769578,8.291488,9.5789585,9.409568,9.432582,8.10561,10.351842,7.88047
6,10.749282,9.195295,9.657504,11.0057,9.154928,7.782893,8.074722,8.391746,10.726496,8.968062,8.761659,7.1656947,9.451858,9.195226,9.148636
7,5.0366745,4.6704893,6.094854,6.3595147,6.462857,6.706901,5.505119,5.230484,6.4529514,8.487435,6.5667677,6.908966,4.554056,6.3102794,8.21056
8,0.53918236,0.42625,0.88401955,1.1176553,0.45326626,0.40575197,0.6686488,0.22013329,0.9401503,0.39095423,2.1131985,0.098783955,1.7659745,0.20935647,0.59878594
9,0.30902916,0.52645487,0.5918305,0.9050861,0.2021842,1.0915834,0.06150121,0.7645658,0.41431078,0.15242976,0.13178706,0.7385137,0.07204841,0.66013837,0.20931219
10,0.24460448,0.38105553,0.08890796,0.36940977,0.0076925834,0.006248387,0.39856002,0.07282274,0.033976186,0.06464631,0.15568866,0.36919403,0.10556311,0.16232745,0.071782425
11,0.23112583,0.3309777,0.2523988,0.4042891,0.15804185,0.36019686,0.30265218,0.20838612,0.024124084,0.03682175,0.1561142,0.04020397,0.37870994,0.08880748,0.3860686
12,0.8501804,0.18051156,0.29593712,0.3309128,0.09839387,0.23551697,0.20918073,0.22259787,0.0779577,0.17761397,0.9912124,0.07246285,0.34393904,0.48369038,0.6685658
13,0.5730525,0.57888424,0.9738343,0.7081985,0.49045292,0.6974993,0.42991272,0.7550069,0.6278258,0.48312548,0.66478103,0.57798725,1.4471136,1.1047349,1.1015584
14,1.8767169,2.090803,1.4183396,1.447755,1.7458317,3.878517,1.9705517,1.6564543,1.2701617,1.1711742,1.3801821,1.4367033,1.2887199,2.6118894,1.8373871
15,1.8275611,2.7323012,2.2006469,3.1707435,2.4840748,3.8410273,3.0604324,1.7594602,1.4802552,2.8047674,1.8162148,3.8385859,2.7790499,4.489295,3.6143165
16,6.5859222,6.854261,6.49835,5.6829433,6.3428235,6.601108,6.291638,6.831884,6.267909,6.154722,6.9205093,5.6630116,7.2911015,6.441837,6.0077915
17,9.924204,8.711496,8.578906,7.719211,8.240479,8.742824,8.090474,8.636263,11.393012,9.6128845,7.9181824,9.770037,8.278622,9.559206,9.434231
18,8.864936,9.72331,8.94201,9.731063,10.601033,9.147684,8.0465,9.112133,8.506604,8.945022,8.568537,8.6715765,9.685189,7.8496685,8.356011
19,5.068349,3.0064294,5.3054247,4.914632,5.957488,5.64857,5.857773,4.4415045,5.591461,5.5670795,3.9956007,6.2624836,5.4504595,4.200749,7.6358013
20,0.096361235,0.13815735,1.4877956,0.3065274,0.34855878,0.27253607,0.8451966,0.6317586,0.9140362,1.8306242,0.07589349,0.2991002,1.0312232,0.6219447,1.1897825
21,1.0747279,0.056816634,0.19585839,0.36613825,0.14337464,0.5655459,0.23016177,0.19320594,0.96760356,0.86622715,0.5647741,0.1483351,0.64680874,0.789133,0.8464785
22,0.42876598,0.36535496,0.004146168,0.4831273,0.20923471,1.0489228,0.5405603,0.21544236,0.019797418,0.31358477,1.0025316,0.5402981,0.14242765,0.22782737,0.72215945
23,0.031877913,0.220693,0.072378926,0.05151587,0.14255357,0.3982614,0.0008269697,0.3863015,0.031031292,0.032959726,0.40391317,0.01175879,0.6521279,0.14210084,0.3466444
24,0.39553767,0.038795367,0.060128205,0.3365185,0.25927845,0.11847326,0.12210303,0.45850202,0.124612,0.008646594,0.0009566442,0.4338639,0.50482345,0.13664608,0.2793473
25,0.5142782,0.46003658,0.29668623,1.0240462,0.6889816,0.9812816,0.86719316,0.07167274,0.32125232,1.6468263,0.4085005,0.21643117,0.37411138,0.37676716,1.144666
26,1.2202975,0.9122266,1.4777071,2.1817822,0.72956216,1.6827909,2.1944132,1.7808064,2.0224,0.9916324,1.2524552,2.245602,0.46073973,1.9268476,1.7337396
27,3.191391,1.5541564,1.980852,0.8309473,3.1701155,1.1324213,1.9817561,1.9388378,3.0839715,3.5870335,1.770001,1.1073462,4.098787,1.3772215,3.0551672
28,7.6235104,6.8404236,7.0373917,7.5855417,7.0307384,6.661772,5.4838376,7.2446947,5.336331,6.614792,6.872189,6.3591495,6.514808,5.923602,7.5810857
29,9.128815,8.651107,7.6691847,8.601333,9.275848,10.359238,11.533881,9.909209,10.752056,8.455996,8.204024,8.660798,8.163252,9.551434,10.341573
30,9.346693,10.465044,8.315856,10.319347,7.9426675,9.4982395,9.533766,11.467039,8.573162,9.185038,6.853918,11.587764,11.738734,9.377712,8.868046
31,5.805198,6.002536,5.8075914,6.7460527,5.5763607,5.1742306,7.1755314,8.013223,7.96114,6.27916,6.058031,5.596384,5.2629957,8.466555,5.765653
32,0.7238049,0.65350163,1.3482411,2.0847533,0.96442294,0.22364913,0.3644655,0.3863321,1.4556342,0.81570095,1.4503045,1.3220937,0.2992369,0.68653077,1.4238764
33,0.0705974,1.3290323,0.010022374,0.66281044,0.3239579,0.013653625,0.7336565,0.2546267,0.21357085,0.6669169,0.7329846,0.0093329465,0.28438717,0.93501633,0.26156142
34,0.59677607,0.49907082,0.009861704,0.80138814,0.45137385,0.083421156,0.15207067,0.29715797,0.04482718,0.0037456634,0.16065887,0.1328523,0.086285196,0.7260872,0.68574744
35,0.34275442,0.21144669,0.3002261,0.30249855,0.3633238,0.4267674,0.46577373,1.0184469,0.29382196,0.25792533,0.4611065,0.1567947,0.20699692,0.2811279,0.019482104
36,0.43384397,0.3819327,0.56755954,0.3936455,0.5207277,0.50682646,0.552534,0.32203153,1.1270237,0.18805097,0.32941645,1.1256114,0.54979205,0.20440847,0.18903457
37,2.6248643,0.47330874,0.9573895,1.20722,0.31583312,0.86594,1.0937451,0.58600813,0.67150867,0.6693083,0.8141394,1.2937297,0.69918454,1.0832155,0.96987826
38,3.3460593,2.2095327,3.2136846,2.747098,6.076759,1.8213407,2.4596064,1.5758523,5.2448936,2.9821947,2.941634,3.9614193,3.9192674,0.977716,3.822577
39,2.0255206,3.4105644,3.6762602,3.642292,2.1524978,3.5698524,2.4744444,2.797389,1.672617,3.07991,3.0992193,2.9941237,2.2666295,2.6602926,4.623475
40,6.0375037,5.931317,7.865326,6.665764,6.1171417,6.0092163,6.3111057,6.818613,7.107699,6.8333035,6.541033,7.564503,7.992053,6.0437765,5.849612
41,9.653727,9.464766,9.043576,9.674966,8.278322,8.939153,8.921539,7.9164333,7.6474357,8.527162,9.748443,10.144176,8.091368,8.703091,7.7462015
42,9.158138,8.9262705,7.875658,9.547826,9.703224,8.924084,7.984376,9.042784,7.5365376,8.442217,10.007096,7.801623,9.108359,11.031984,9.932673
43,3.9238534,5.630943,5.7938046,5.0125685,4.241793,4.64285,5.6760173,3.8879175,5.3947744,5.2961736,4.8151956,5.3281507,6.7751307,5.7966375,5.8854575
44,1.146587,1.0554284,1.1574382,0.111904316,1.0634307,0.8901414,0.19244048,0.17791687,1.1363363,1.5065378,1.5600357,1.1990106,0.7669108,2.7953463,1.1166918
45,0.11845561,0.07324665,0.85066223,0.21697362,0.23110352,1.279126,0.01739916,1.1513475,1.3798184,1.3452988,1.0543189,0.0823571,0.45310217,0.41545588,0.005378117
46,0.15024069,0.31419227,1.8136004,0.1242543,0.33208072,0.017913407,0.5442793,0.24591611,0.49866244,0.89030516,0.42107004,0.3513867,0.6336228,1.1035576,0.2809056
47,0.49049467,0.005123544,0.06066559,0.21648242,0.6918001,0.9565591,0.074417375,0.5054964,0.37218288,0.05619438,0.21416686,0.093097225,0.60247993,0.12412042,0.8130402
48,0.7489282,0.8211654,0.16367528,0.7371345,0.32367977,0.5225122,0.23845777,0.15740146,0.5411473,0.06938563,0.13253412,0.11515936,0.29575783,0.016379628,0.23800887
49,0.3092718,0.9493598,0.46035686,0.7125448,0.6946866,1.0208101,0.6123219,0.28931615,0.93399405,0.1945521,0.3524915,0.4336333,0.4779158,0.48033836,0.61271316
50,2.5554411,1.380108,2.0149286,1.2926767,3.045537,0.7554433,0.7128915,2.499233,1.2930318,2.254096,2.206533,2.8420465,1.2516856,1.1748372,1.4506842
51,1.5979235,3.1534746,2.8874102,2.0881095,2.33152,4.0487256,3.6444304,2.511228,2.445144,1.2035701,3.0553694,3.4409385,2.0966568,3.079606,2.623819
52,6.2785435,7.4709187,6.9616537,6.6360736,8.217062,5.145573,5.477145,5.8967977,6.851432,6.810804,6.8050795,5.8584385,5.6048756,6.9737926,5.925125
53,8.7268,11.233427,8.077178,9.008113,9.713217,9.326665,7.7777605,6.7632437,6.439791,8.692976,7.3613,8.883468,9.053811,8.666569,8.98859
54,7.258039,8.333098,10.363563,8.907281,8.981974,10.699244,8.341722,10.04569,9.447603,9.51364,10.128206,10.222947,10.368139,9.685914,9.013513
55,6.7680416,5.9083157,8.108686,7.0580034,6.3960323,7.3518744,5.7136526,5.223592,7.646339,7.330543,6.4670787,6.4380045,6.4798346,6.6882024,7.4659824
56,1.6086675,1.1464298,0.8231922,0.1639387,0.3134547,0.35412604,1.2164031,0.40736368,0.029196654,1.5320672,0.5097028,0.09681892,0.8719352,0.6474048,0.3956345
57,0.19529173,0.18096922,0.42442262,0.91969526,0.023085374,0.34363297,0.24497357,0.037851833,0.060010176,0.019413458,0.003865308,0.06784405,0.8385807,0.06674827,0.06072302
58,0.1653344,0.12588099,0.053293046,0.14259298,0.312846,0.13824941,0.38031,0.59196466,0.43773702,0.010358055,0.0581977,0.2781243,0.071683444,0.34598014,0.016964238
59,0.6613636,0.082924046,0.265893,0.20444328,0.46715876,0.20653686,0.036034588,0.19994982,0.17300303,0.087022886,0.03232836,0.16858761,0.25520262,0.0088139055,0.11337213
60,0.27970108,0.121434495,0.25933984,0.3863278,0.066950426,0.1637504,0.15392049,0.14993984,0.08526809,0.29883045,0.26293403,0.030353466,0.17677997,0.50101084,0.3202725
61,0.21601208,0.60486585,0.915903,0.18171456,0.13124432,0.043934107,0.2462726,0.04768715,0.17066766,0.2664538,0.23473556,1.0285405,0.6037021,0.60241985,0.73821425
62,0.59133536,0.96331084,1.4084632,1.9516737,0.5382759,0.71870816,0.24671851,0.7575171,2.3260279,1.3380221,0.8590212,1.290319,0.74578327,1.270855,2.1735349
63,1.2335802,3.616292,2.4850502,7.3504004,4.04811,3.3189492,3.4865859,2.953434,3.6576204,1.7299228,2.21885,3.9915407,3.9624012,2.7857988,2.830044
64,5.1149516,5.5328593,7.273179,6.674207,8.148639,4.937075,8.206249,6.092486,7.1818285,5.8538084,6.8836637,7.407913,5.4036016,6.6106462,4.230416
65,9.0837965,9.6886425,9.129308,10.170706,9.269557,10.054117,8.602036,9.930877,8.661474,9.74636,9.936345,10.827709,7.923356,10.5665455,10.407802
66,9.473446,9.786407,8.994928,8.192908,9.734988,8.675658,7.370135,11.466204,9.108753,8.412126,9.903773,10.058709,9.505259,9.079009,8.175124
67,4.692255,5.12986,6.306856,5.7060795,5.9037685,5.760686,5.931912,4.7279506,4.2142334,5.4941893,6.884442,3.2909622,5.253163,5.922003,4.441726
68,0.1763521,1.2570599,0.3183002,0.9811318,2.786827,0.84475476,0.1537604,0.25748062,0.659937,0.2054818,0.16822337,0.046285238,0.30288094,0.9422222,0.11603451
69,1.1293514,0.3083282,0.456753,0.4635272,0.35955557,0.25527394,0.4529144,0.48566946,0.24118112,0.066773675,0.6458842,0.2698774,0.689317,0.2293205,1.1900074
70,0.47701675,0.29794452,0.8111533,0.062337894,0.05082864,0.007964759,0.027651785,0.089522295,0.10398087,0.5705557,0.107390836,0.021220643,0.17009269,0.007845945,0.40874755
71,0.06492898,0.087138966,0.056106918,0.23858136,0.19288833,0.012149165,0.01696332,0.059899036,0.011873512,0.0069853803,0.16062373,0.20037754,0.22954783,0.27661297,0.032136437
72,0.2802803,0.118847124,0.6307072,0.09803352,0.5277993,0.5018884,0.20312694,0.1804482,0.918513,0.024496883,0.23240447,0.11942042,0.2579901,0.528246,0.5875463
73,0.5431223,0.4690607,0.3193503,0.27794093,0.8742084,0.036793575,0.18299869,0.59625983,0.80715656,1.0818957,0.45893815,0.75773823,0.24755958,0.34838942,0.2905333
74,2.3370214,1.6992595,3.9180188,1.4021586,1.7168033,2.1226866,3.7921906,4.058024,1.9953561,1.7795047,3.1992872,0.67223454,1.7568105,0.75606865,0.60000485
75,2.901988,2.493841,3.4212046,3.0041263,4.204697,2.352289,1.9973316,3.3808131,2.8189511,2.9296384,3.5565438,5.097692,5.1649036,2.6757085,0.76560825
76,6.612669,5.9534664,6.5502014,5.440506,6.910767,7.68196,7.40829,7.482626,6.191219,6.223749,6.092583,7.7382655,7.371616,6.2988334,6.675611
77,8.328536,7.9823337,9.813623,8.510024,10.119598,9.711934,9.207426,7.6481867,9.277937,7.577257,9.598312,8.799083,8.891374,9.117319,10.296053
78,9.089908,8.220078,9.411108,9.245487,9.772132,11.580311,8.352183,8.986451,9.485905,7.112235,8.134099,9.353329,9.683615,9.67109,8.814909
79,7.191548,7.665382,5.2646103,7.1347995,6.1546907,7.574133,5.9209466,6.92911,6.5430884,7.7795415,7.3660245,6.840504,4.881997,7.190675,5.1802998
80,1.7017092,0.8425774,2.2312155,0.945874,0.64657825,1.195132,0.26328975,2.2406883,0.66155183,1.4645069,0.39850667,1.831381,0.7656483,1.704716,0.34113935
81,0.113423176,0.36665198,0.41878268,0.07681573,0.23449527,0.1224531,0.07340911,0.54202396,1.3110394,0.071122356,0.13491732,0.40465865,0.289921,0.25937837,0.07105405
82,0.24531804,0.33799708,0.018435227,0.12292559,0.108153895,0.0064669093,0.33799025,0.12114833,1.1578292,0.017561965,0.6069687,0.10844568,0.12695418,0.37431306,0.32241023
83,0.004906204,0.12271121,0.048437085,0.0025222723,0.0456138,0.23003879,0.22595575,0.02866718,0.101628944,0.10216241,0.1392018,0.16167992,0.11147929,0.13494983,0.10466759
84,0.1471934,0.07381256,0.25246614,0.16970728,0.052226387,0.016206715,0.33546427,0.12739173,0.019495597,0.48653692,0.017601144,0.018689888,0.09657444,0.2220992,0.033226535
85,0.45068926,0.6720053,0.3613679,0.3275192,0.47560707,0.46846053,0.81339794,0.22606708,0.38893795,0.06876932,0.7804952,0.7784002,1.5032771,1.0025511,0.5991064
86,2.3895273,1.207329,3.397348,3.3371594,1.2251217,1.7211108,2.4953027,2.1295533,1.0933677,0.8262878,1.9676074,1.7317467,3.2025373,0.47473633,1.6027834
87,1.5278218,3.5450556,2.3122222,2.9964476,3.0617158,1.1148231,1.6798439,3.1504674,2.754861,2.500135,1.3429909,1.2370098,2.2089574,1.3437283,2.1950018
88,6.0633907,7.5739746,5.5555925,6.5456443,7.1612844,8.314739,4.643052,8.5402565,5.9480157,6.5733852,8.10958,6.735502,8.864132,7.6718693,7.993012
89,7.3460712,9.700245,9.065077,8.798064,8.071715,8.292321,8.708459,10.622204,8.384067,8.353312,8.273753,9.289503,9.2268095,11.021307,9.20484
90,10.678919,8.15151,8.906689,8.79771,11.01913,8.767649,9.762833,9.160162,10.409609,10.296103,8.269835,8.1768465,9.888925,9.41412,8.90855
91,5.8688397,7.022926,8.02422,8.404639,7.586522,5.938039,6.117159,4.963868,4.6820674,4.2814374,9.906454,6.419004,4.560867,8.097023,8.202557
92,0.943838,1.1348522,1.7969812,0.6936077,0.9967076,0.30288458,0.7356662,0.69574904,0.3133121,0.97097766,0.8206443,0.41101927,0.30174455,1.1280727,1.3508445
93,0.52338135,0.030278726,0.005594804,0.002139007,0.4692262,1.3319257,0.66434324,0.4251827,0.036969118,0.41817445,0.03098068,0.50781256,0.029997101,0.732764,0.19544727
94,0.0069962074,0.13001068,0.054167554,0.1261029,0.22216418,0.003305662,0.10224588,0.015625045,0.05752721,0.24861223,0.006678934,0.22427097,0.018375648,0.03262177,0.0046685543
95,0.1747361,0.02640153,0.029783616,0.2779586,0.11351459,0.16062099,0.02079495,0.06829446,0.2741072,0.031262014,0.36587045,0.062483266,0.121404104,0.24828522,0.07398781
96,0.4851872,0.08725699,0.41104084,0.4621209,0.16167974,0.15436867,0.08301534,0.04515527,0.17341137,0.18157679,0.22014377,0.18621355,0.5688505,0.12124561,0.14893368
97,0.20084722,0.83672947,0.4023426,0.75918037,0.28615996,0.2386054,0.8793136,0.6350178,1.6935279,0.99642056,0.8404744,0.8927329,0.5290772,0.8392538,0.78182536
98,3.2717714,2.259713,1.6225064,1.0042335,0.72929704,2.005128,1.4326273,1.5345756,1.4587954,1.6329669,0.8472795,0.18509237,2.8534868,1.3009194,1.531686
99,2.1505346,2.7125614,4.204702,2.8510616,5.521249,0.9133424,1.2744663,2.8276327,2.9155345,1.9061184,1.0437064,2.364211,2.094126,3.3628194,4.25671
100,6.160758,5.8781204,5.8372793,5.563959,6.5433025,7.0616584,5.721211,7.091927,5.71709,6.3946376,6.952978,6.1493325,6.2342453,5.833835,5.2208905
101,9.839283,9.1825695,8.541268,8.675666,7.991934,9.140847,10.645584,9.392289,8.819844,9.895133,9.790359,8.164674,8.233631,9.109237,9.086027
102,8.136956,7.263459,7.9574594,10.044466,9.484458,9.022406,7.8310285,9.14935,8.600987,7.415842,8.208665,8.13587,9.322393,8.982475,8.165911
103,3.5698483,4.7029886,3.413691,3.5119624,4.897061,4.751302,5.9443913,5.880572,5.901606,5.660386,4.8129168,6.879887,5.1044745,3.0904284,3.7069461
104,0.7082272,0.7777015,0.1973972,1.261413,0.39311892,0.61141413,0.7572642,0.2699055,0.17699374,0.35057974,1.6734009,0.82564896,0.24835898,0.51281554,0.62276965
105,0.23182902,0.69290763,0.8462718,0.82321274,0.3703051,0.74060833,2.306784,0.15805064,0.09709807,0.5606686,0.3412051,1.7210675,0.016099254,0.2805539,0.07373832
106,0.11768656,0.32625315,0.7916874,0.35967493,1.2146542,0.014659398,0.1594076,0.34079105,0.12319235,0.1383647,0.5344993,0.85381377,0.18106164,0.35560417,0.3701215
107,0.12199085,0.41701263,0.15473168,0.34837502,0.09953865,0.54627126,0.32219654,0.1824067,0.73758346,0.19819883,0.124165855,0.059684057,0.14046891,0.13688989,0.2016095
108,1.4161601,0.18773627,0.45592406,0.07683722,0.61182135,0.33311284,0.7728351,0.31425235,0.31356394,0.029366007,0.27920473,0.015087921,0.30371934,0.040298488,0.49834725
109,0.69994926,0.43848845,0.3811994,0.91762346,0.6680352,0.49745715,0.5875949,1.1473886,0.38179642,0.7754634,0.3116027,0.4749753,0.15486988,0.41109163,0.7665362
110,1.2087387,1.9635206,0.87052625,2.007217,0.5694258,1.3783017,0.7429066,0.8375107,1.0556852,0.9951139,0.7459002,1.0533665,1.5386903,1.4059714,1.0208194
111,0.99865216,1.9590999,1.7045155,3.9732478,0.90530175,1.6150639,2.247459,3.7146683,1.648936,2.8769648,2.6734073,1.7063484,1.6815162,3.5880086,3.5213785
112,7.0680027,6.323437,5.360734,7.9002275,4.9167457,6.745435,6.52668,5.493433,5.9123516,4.0844126,7.878285,5.672044,6.931941,5.540245,5.9282684
113,8.701311,8.776313,9.725193,9.952476,7.93036,8.52417,11.051858,8.843092,8.735907,8.580229,8.015543,7.3164873,9.703552,11.198318,8.287014
114,10.09113,8.383541,8.259155,10.1275215,6.5829372,8.775297,10.467428,9.431439,9.535259,6.9213247,10.007071,9.916768,10.849295,11.587869,11.610449
115,6.4990945,7.649871,8.001945,7.996457,7.845405,6.9879346,7.3402815,6.8447504,9.708756,8.0053215,9.114915,9.265059,5.152453,7.0059757,9.000434
116,1.2227194,1.1102281,0.45102534,1.3697675,0.65444535,0.71896076,1.2608863,2.4964793,1.2251116,0.10625357,1.0237504,0.5754753,1.0155023,1.9992992,0.33387274
117,0.0719877,0.20241952,0.01229516,0.03679999,0.02817308,0.010076969,0.009905322,0.009744936,0.11248129,0.047503307,0.045663334,0.08557762,0.06486611,0.09131571,0.037825607
118,0.013776554,0.014000083,0.039970372,0.16694675,0.20812652,0.08078038,0.13703632,0.027578358,0.36851022,0.027908273,0.040733494,0.009302155,0.021903982,0.03250382,0.03595984
119,0.05536955,0.35745555,0.042016648,0.050045006,0.3551436,0.21233441,0.011842767,0.3537397,0.098729864,0.07408465,0.05001718,0.11191445,0.048520584,0.14564936,0.1141489
120,0.28805688,0.19011027,0.35520938,0.45382243,0.140371,0.23771805,0.033330802,0.4400719,0.043966275,0.14470938,0.017956931,0.40448344,0.048316047,0.094840005,0.013000956
121,1.2346065,0.67365456,0.7719495,0.4638522,0.805901,0.78845465,0.76701367,1.0926636,0.83511424,1.2012954,0.5441172,0.39123017,0.75239563,0.48479122,0.7853662
122,2.867035,2.9138806,0.526845,1.3395488,1.627939,4.1452003,1.6740587,0.6309678,1.0255845,1.9727451,1.3500698,1.7726023,2.072122,2.0802648,1.4425164
123,4.221429,3.619069,2.4739313,2.9153955,5.533168,4.8458133,2.165726,3.0652437,4.454246,1.5564945,2.6547384,2.573535,4.213419,3.6646929,1.2778971
124,8.463795,8.495123,6.6421967,6.2871013,6.608965,8.924289,7.0913043,9.254724,7.5750656,7.3221073,7.9715323,8.688839,6.089838,7.70934,6.722884
125,8.530256,9.428951,10.442505,8.743244,7.3272104,6.9884005,8.85634,9.597235,8.684001,8.678237,9.282085,8.408317,7.2860513,11.115302,10.67034
126,10.75131,9.195033,8.1484785,11.260289,8.213277,10.067857,10.34193,9.30356,9.085252,7.9034305,9.448313,9.318003,10.351721,7.715756,11.917524
127,8.077237,7.336002,6.0828433,5.366144,7.9175434,6.4541855,6.619329,6.9584346,6.0396013,7.408541,6.8484225,6.2504926,6.6469517,5.7133965,7.7366414
128,0.83026326,0.43018597,0.2036567,0.794848,1.4544756,0.5503813,0.737392,1.0502301,0.8855256,0.8761746,1.5345962,0.13172565,1.3439171,1.2485341,1.52518
129,0.10490834,0.23035564,0.20461796,0.11791631,0.40399137,0.1506681,0.058863446,0.4588954,0.30914447,0.6428036,0.070411935,0.7468131,0.035953518,0.05520928,0.3634926
130,0.013327039,0.00846852,0.087905616,0.12587476,0.019330801,0.05135709,0.22282927,0.08450331,0.05269269,0.016863465,0.012015644,0.057833936,0.08580454,0.28206947,0.21661273
131,0.06341128,0.01161029,0.008896397,0.13158873,0.08518481,0.010131003,0.03485258,0.4645969,0.0029567254,0.008895095,0.021566499,0.47101498,0.011463038,0.0063205627,0.12935506
132,0.0053439257,0.01445703,0.05659699,0.1547566,0.35551554,0.29802397,0.26430127,0.48870122,0.19469163,0.12400651,0.016002728,0.7290566,0.025738575,0.1300777,0.3255604
133,0.59326977,0.17034394,0.3597287,0.53238004,1.8570803,0.3721703,0.38980138,0.39523906,0.12000195,0.29289135,0.36387694,0.7088306,0.60878205,0.14019945,0.55534184
134,1.619283,1.5137913,2.750116,2.1726875,1.4436224,0.9540727,2.345103,2.5563872,1.4940943,2.3422167,1.6582392,2.6471417,1.5351906,3.157963,2.1899831
135,3.3386912,1.8101108,2.0497427,2.7164803,4.335684,1.7181185,1.429975,3.1560762,2.768415,3.6569014,3.2174838,3.1572194,2.9830873,3.4376051,3.2158701
136,6.6584144,6.7201743,7.4125767,7.860732,6.710091,7.684566,8.12626,6.8656254,7.52156,7.070471,7.1954336,6.7844763,5.948484,7.857409,7.7304697
137,9.562428,8.847975,10.5713215,10.342484,8.274163,9.363778,8.173177,9.380999,9.183493,10.393276,9.940084,8.774536,9.520919,9.380772,8.887133
138,9.057399,9.373507,9.085575,10.258927,8.617491,8.418642,10.739709,9.066265,9.5328,9.209181,8.180298,8.2314,9.458209,9.039072,8.502903
139,6.2828054,8.241102,6.966129,4.3375936,5.9955845,5.8979063,4.658968,6.9040356,4.675637,3.9460695,5.778709,6.352658,4.8268733,4.5486712,5.084115
140,1.3585563,1.5745417,0.8557719,0.48265412,1.5817884,1.001459,1.2125598,0.8801628,0.76817936,1.0878923,1.390593,1.0218766,1.0018327,0.81843877,1.3045843
141,0.017401328,0.926067,0.7966443,0.015139312,0.04763273,0.0073900577,0.09816496,0.060956083,0.12522456,0.37607062,0.2514178,0.5115538,0.2075395,0.27767974,1.2861577
142,0.063006714,0.006245901,0.70399815,0.24577859,0.36462218,0.07830857,0.48866844,0.46476346,0.00746033,0.013131995,0.1611006,0.54489446,0.11859731,0.20646283,0.034239486
143,0.056883153,0.021635521,0.03591948,0.026171375,0.038690183,0.36394876,0.08748643,0.0011704853,0.020925917,0.17962082,0.12314223,0.04793301,0.31193778,0.009249427,0.014613848
144,0.10057299,0.034798324,0.3093953,0.042109795,0.3736981,0.024311643,0.35824716,0.0016790219,0.29291147,0.18343607,0.27321577,0.073935136,0.016576527,0.124376446,0.057202823
145,0.06782616,0.0035404149,0.21404208,0.6568677,0.03193182,0.88719356,0.40949425,0.07355261,0.7276779,0.83885574,0.56439537,0.5143343,0.33443496,0.19643429,0.08875764
146,0.6431951,1.2930461,1.241385,0.8840259,1.9971602,1.1352406,0.6850108,0.21049507,1.031054,0.8330495,1.4054252,2.182101,1.9909861,0.062392697,2.1161122
147,1.4290116,2.2282116,3.4744036,2.460473,3.7743852,3.600281,2.6130931,1.7207171,5.5349126,3.7992554,2.0382857,2.3994532,1.7595106,2.186396,2.958399
148,6.9113975,6.25933,6.7766995,6.5930934,6.6612782,6.905072,5.7637296,7.594076,7.413491,6.699738,6.819397,6.07374,7.05556,6.9437747,6.1805243
149,7.3203096,8.269002,9.770304,8.045716,9.674528,8.785947,9.300489,8.421681,7.619922,10.791846,8.225908,9.690331,10.802695,9.925814,8.743891
150,9.195899,10.520395,8.404943,10.47813,9.712983,10.438796,11.161555,7.970666,9.159682,11.04537,7.661655,7.756551,7.0143704,8.538747,10.515032
151,5.077212,5.9523287,8.735625,6.6664805,7.1890683,6.252658,6.127084,6.141461,6.707878,7.248535,6.8893995,6.9249806,8.129848,8.610935,6.865512
152,0.12111241,1.147236,2.3989103,0.29006478,1.1443379,0.15291955,0.28842697,0.26673084,0.47051603,0.82871825,3.7278402,0.65820086,0.74967045,0.20653524,0.30812284
153,0.6664204,0.06318643,0.35846794,0.07660152,0.58415735,1.005932,0.8312123,0.8786059,0.8337728,0.13408343,0.0028563787,0.28115913,0.03269699,0.35626537,0.14703512
154,0.10257602,0.01651518,0.20325205,0.11938168,0.016616454,0.06306536,0.3669755,0.33990142,0.0060085696,0.015043278,0.2754359,0.04098883,0.012042155,0.13836128,0.08588954
155,0.12139421,0.010254745,0.071516335,0.027303083,0.057491142,0.16780931,0.012232026,0.07534207,0.0033721717,0.0037438583,0.17794928,0.08406078,0.0064112428,0.34772527,0.014436601
156,0.17613587,0.055190094,0.17439708,0.43628633,0.25878263,0.38463253,0.31800386,0.185923,0.16697565,0.430138,0.15749413,0.2534517,0.3781287,0.22911456,0.09437488
157,0.47379413,0.769301,1.9806817,0.98775065,0.25624597,1.1688418,0.31912234,1.7465597,1.1659354,0.8119067,1.1100465,1.4304023,1.5817115,1.098421,0.20883514
158,2.2415936,1.2737756,1.029454,1.0963148,2.2374759,3.0963588,1.8060837,2.8267095,2.6632924,0.8623076,0.9390479,0.75628275,1.1084217,1.7041949,1.3808028
159,1.5715734,5.797752,2.8178928,4.380852,1.9339254,4.0492435,0.96351844,1.7577364,1.9645709,4.316285,4.0784073,1.9857419,0.8561413,3.5927153,1.6943465
160,4.1885967,6.4240932,4.0501947,4.519928,5.532661,5.074998,3.257721,6.0359774,4.9595876,4.047681,5.9680786,5.925282,4.951269,4.9555597,3.4161785
161,8.767992,8.584983,8.412591,9.994903,8.857057,9.094881,9.442249,8.0432625,8.034399,9.336507,6.863489,9.498773,8.602839,9.028885,7.7371593
162,6.7494073,9.886388,9.353695,9.5471,10.334584,11.75303,8.0611725,8.537988,10.8217,7.803625,10.912223,9.82747,8.893837,10.344875,9.089898
163,4.856976,3.9884758,5.0813375,4.2894993,6.639639,3.807897,5.561057,3.9486187,4.4675465,6.607461,5.257654,6.1309586,4.655194,5.369687,5.7161503
164,0.70918345,1.6571734,0.43844602,0.602914,0.2812752,1.1239982,0.48413676,2.6236203,0.37798294,0.05148129,1.2401725,0.7003005,0.13566299,0.17076302,0.051432077
165,0.82567036,0.4591956,0.120795265,0.08392428,1.4793992,1.4136581,1.1818279,0.014897893,0.50245726,0.7640953,0.107499085,0.419653,0.40780398,0.78505516,0.08602263
166,0.16215478,0.12774673,0.075688414,0.20342793,0.5327949,0.08152819,0.0035913042,0.3796262,0.019887663,0.04150872,0.2914857,0.006071263,0.0054739644,0.6926667,0.032191996
167,0.010941172,0.30447686,0.089275986,0.29108164,0.07549387,0.034869365,0.078815445,0.08344698,0.022346186,0.02379228,0.012188774,0.2982275,0.16642316,0.02421427,0.034814693
168,0.19323605,0.029833807,0.39007604,0.19397269,0.64726067,0.7063078,0.1568014,0.24665223,0.31956556,0.22418132,0.1505362,0.10000075,0.18881537,0.58305264,0.054808315
169,0.27122867,0.46464238,0.74352956,0.5910755,0.7590083,0.15927802,0.84807557,0.82321227,0.7415283,0.7195003,0.603426,2.3938613,0.42336047,0.4425564,1.0028154
170,3.2802124,1.6888211,0.56188685,1.5150912,1.042948,1.1137123,1.4780047,1.2236296,1.7331958,1.9130701,1.5089408,2.5696464,0.9052155,1.244728,4.2743883
171,1.94807,2.0804253,3.5724335,2.1338859,1.8137629,5.043465,3.1926355,2.1631093,0.5724157,5.5639653,2.3515131,5.4517603,2.554918,6.119327,3.3471644
172,3.9007666,5.536641,5.8830614,4.435527,4.3649263,4.4024363,6.3056355,4.5612874,6.4451165,5.9413037,5.2576804,5.3038845,4.036998,5.087707,5.8031363
173,9.203613,12.298669,9.383788,9.390611,8.503132,9.022009,8.187038,10.330202,9.345074,9.284815,9.134568,11.11928,8.296912,9.184034,9.375599
174,8.714445,8.718781,9.179413,10.061311,9.986736,8.346755,8.697125,11.001585,9.083149,9.934897,11.383794,8.375782,10.428941,9.585649,7.783492
175,3.1764333,3.8590407,5.098438,6.433068,4.3591633,4.54934,4.5310283,3.8919625,4.264907,6.157588,4.8921275,3.9609222,5.426707,4.683912,3.1897192
176,0.7404484,2.3225343,1.4729165,0.4077079,0.9377387,2.1325068,1.3939565,2.0299156,2.158784,0.4587633,0.85338116,0.7993814,1.771519,0.5111513,0.519584
177,2.1754305,0.28298888,0.9672812,1.3619752,0.8339053,0.089801,0.08968498,0.5354795,0.6669456,0.48826844,0.4011121,0.26041737,0.2398445,1.2183756,1.2653855
178,0.0733097,0.94668543,0.21868691,0.20426708,0.07601292,0.18839797,0.15298834,0.033054758,0.059070293,0.5312733,0.15095098,0.10833656,0.26602536,0.23064257,0.08612777
179,0.032076046,0.17340122,0.03829827,0.16966134,0.07518845,0.13084969,0.10878007,0.1318543,0.12956749,0.013696761,0.09564312,0.19465055,0.021559596,0.008914805,0.016014872
180,0.22645113,0.43230408,0.16283232,0.10546407,0.14292477,0.089829154,0.078905344,0.5078638,0.01200832,0.035782583,0.2165058,0.080320366,0.11803735,0.07192891,0.33426183
181,0.56088364,0.6488813,1.2557653,0.58028835,0.5351569,0.777506,0.48972136,0.43638548,0.670346,1.8211795,0.6137044,0.33323872,0.8540569,0.2695164,0.5172944
182,1.5366069,2.611505,1.6464654,1.0432926,1.1086704,1.7647697,1.7629567,1.7244949,0.95937467,1.5506426,2.2395554,0.53342956,0.821553,1.2325445,1.3934004
183,4.904445,2.992177,1.9701737,6.038305,3.2287004,1.9466554,3.0784183,3.175269,3.2347085,3.1072984,5.0214877,4.9530916,4.6894865,2.038528,3.2002928
184,7.29185,6.321268,6.641616,5.8714023,7.264582,7.387362,7.1085215,7.0545855,6.8719196,7.6400347,6.2558823,7.234943,6.7134013,6.7824354,5.1374736
185,9.71446,9.093446,11.0374565,8.309721,9.787454,8.645431,7.561953,7.8570414,9.105294,8.147991,7.951721,9.909943,9.853133,7.702219,10.165135
186,11.113201,12.414976,11.540324,11.394739,10.963294,9.689292,11.015421,10.3454075,8.371267,8.51588,10.365557,9.989897,9.351923,10.479761,11.709394
187,6.0931735,5.6862483,5.937312,5.16776,6.8499684,6.2206364,6.4865065,6.659566,5.860216,5.535385,5.7318735,5.609808,5.3141446,6.0433598,5.85907
188,0.8863092,0.36609766,0.5728764,0.4306221,0.08309975,0.24413529,0.9332656,0.19099236,1.2188329,0.8626716,3.8962831,0.10469527,0.27178904,0.10569911,0.73915166
189,0.15202458,0.29270324,0.047757342,0.1582865,0.14574035,0.07484912,0.046047423,0.1736448,0.0541517,0.005726318,0.14776544,0.053243894,0.036116567,0.6188152,0.53722227
190,0.13662395,0.043146573,0.022316191,0.86758363,0.21210846,0.0434431,0.0048406995,0.010199628,0.0056754476,0.0033719556,0.0034818351,0.019922802,0.011617328,0.094126344,0.01671084
191,0.10535725,0.11491194,0.6747054,0.024147145,0.0048724404,0.0051435055,0.029767543,0.04497554,0.10167205,0.028099159,0.14169356,0.090763606,0.028150879,0.018676605,0.18843149
192,0.9757354,0.51728547,0.31754273,0.9317483,0.3075778,0.43308735,0.6794312,0.8465299,0.542065,0.15224642,0.34539813,0.13407856,0.70957875,0.4798382,0.94985896
193,0.6904803,0.37839013,0.52456135,0.4326816,0.44936842,0.513292,1.0655115,0.6910474,0.34396222,0.6820727,0.49484032,0.94934124,0.54628825,0.3180644,1.5058708
194,0.9401135,0.37585512,2.2964838,1.6168826,0.8322659,1.4126277,3.2338474,2.1499035,0.5028344,2.2306356,2.658075,3.7541032,2.9797163,7.054476,1.4065173
195,4.4076214,3.4845011,3.0790238,2.2319822,3.3874125,3.5558536,5.1184645,3.9426045,2.7347677,3.5876913,5.5571084,3.0253325,2.227687,4.68828,3.2318826
196,6.417842,6.306673,5.9446607,8.320391,7.0071926,5.8467793,5.3787694,8.063694,7.473561,5.80613,5.683994,6.678361,5.6326704,8.035212,8.015778
197,7.4243374,10.686074,9.294036,10.10261,8.031472,8.829136,9.783147,11.601518,8.681516,9.509048,8.891685,8.919191,10.110737,10.123467,10.651934
198,9.163978,7.6010995,9.071319,10.496196,10.285723,10.321045,10.113959,9.784204,8.792392,9.212296,8.417253,7.940717,9.69346,7.6200385,9.576065
199,8.727877,4.559942,6.164558,5.6134567,6.301582,6.628188,6.1696706,6.9475513,7.113204,5.5288877,6.3420415,8.007793,5.873316,5.9492297,5.0035095
200,0.24036646,0.94034255,0.55051553,0.77064526,0.3229926,1.2443284,1.2286345,0.77222973,0.37264946,1.0036463,0.5791239,0.3709419,0.08621324,0.18362835,0.54497236
201,0.27023342,0.030721325,0.94944197,0.35535023,1.3618366,0.19379017,0.054322444,1.55954,0.0016699241,0.8439433,0.16458096,0.01390493,1.2761108,0.9461936,0.18553567
202,0.18027888,0.03727566,0.041674655,0.7290816,0.01918428,0.0831433,0.07814986,0.02375612,0.07645117,0.20064142,0.049826734,0.044410706,0.0126758525,0.31144285,0.08687142
203,0.10147604,0.0015692494,0.0035217516,0.097774744,0.0080435,0.016074045,0.057152744,0.02644941,0.058266163,0.138977,0.018440507,0.07453227,0.11272093,0.10344504,0.021699114
204,0.05456164,0.23679757,0.7231287,0.007881215,0.45354742,0.101465225,1.0288708,0.42787817,0.36692652,0.27515656,0.14367181,0.34237748,0.0673116,0.38659492,0.25033152
205,1.1485835,0.428261,0.66583574,2.1839366,0.33324355,0.9629813,0.36487868,0.82932335,0.61186975,0.51133245,0.3694486,0.09376781,0.50524104,0.16388337,1.5592505
206,1.1570531,0.8475691,0.8571612,0.10071136,0.3646364,0.9226284,0.86146384,1.3254145,0.9275841,0.6879846,1.0533441,1.3378446,1.8928813,0.94703394,0.25999424
207,1.9975948,2.6762037,4.970093,2.9574895,3.6971629,4.7337604,2.4895337,2.435594,3.2594478,3.2799037,3.453074,2.061033,2.6931279,3.5133638,2.661227
208,6.5518017,7.221273,7.6981287,7.421183,6.3305182,7.1899614,5.916009,7.6364646,8.402573,7.8666043,7.8481226,8.156807,6.4883833,9.142995,7.205464
209,10.367216,11.230393,7.4351697,10.342107,10.178591,10.016113,9.657158,8.091331,7.4744954,8.031633,8.51049,9.412784,8.660953,7.831672,9.067572
210,9.529588,9.634982,9.28841,9.379479,9.617472,9.07643,8.512222,8.7893915,9.195119,9.857056,9.559931,10.77555,10.245123,10.269847,10.014564
211,7.0394735,6.4636464,4.3605537,6.9594073,5.9818997,6.8208284,6.652135,7.005478,7.8000007,5.129219,7.2279077,6.5557127,7.2612567,5.706232,5.6149983
212,1.6488225,0.7615328,0.9109817,1.47148,1.2239068,0.6898505,1.2541783,0.06161091,0.2572737,0.72007793,1.398638,1.826196,1.5399157,1.0900204,1.1103983
213,0.03398487,0.035464842,0.06416183,0.1261863,0.42737362,0.10129558,0.1309131,0.13044588,0.69162136,0.4214457,0.034853876,0.31239092,0.1971844,0.45026487,1.0218257
214,0.0056800833,0.5551062,0.21409625,0.14222696,0.15777555,0.063778505,0.011616652,0.11591838,0.060458224,0.025880257,0.24212125,0.5829634,0.39146006,0.032366447,0.43460038
215,0.05554057,0.2842503,0.27022055,0.05894564,0.90285593,0.21732332,0.22240533,0.03314722,0.45551234,0.44744492,0.3836622,0.17988804,0.4944772,0.30451563,0.16916928
216,0.32204074,0.27434155,0.68128437,0.7860803,0.31531274,0.11421631,0.42804673,0.44673523,0.038414475,0.23859262,0.93965447,0.4328555,0.14946534,0.2651392,0.76265436
217,0.9100627,0.31143188,0.77863497,0.598795,1.0072613,1.4408839,0.3489532,0.8014268,0.18574905,0.22840244,0.70239866,0.18534888,1.2326226,0.62197465,0.640962
218,1.0789489,3.4167974,1.9543449,1.5194061,2.7403512,1.6841586,4.620721,2.5115256,1.9774175,1.9307673,2.2988524,1.785536,2.747709,2.2239113,2.5420089
219,1.5011588,2.7188933,2.7988088,2.582233,2.050334,1.5305692,1.6252893,2.6890535,5.1279187,2.564406,2.014831,2.6098943,1.8963197,5.5398855,3.3853853
220,5.424349,4.5678997,6.6789165,6.8793864,6.3184376,6.2791266,5.4841237,7.8326216,6.4129763,6.9071527,7.8451,7.8104215,6.4359,6.160915,6.3517184
221,8.989068,8.794335,9.245246,8.252654,9.266447,8.216043,10.483497,8.903144,8.345491,9.63587,9.73681,9.467429,10.245342,12.192857,7.4706526
222,10.246181,9.888604,7.821932,10.818066,9.026116,8.581292,8.058319,9.803685,8.7237215,9.553513,10.682343,10.036997,9.100084,10.648424,9.967137
223,5.2426934,6.4936604,6.136213,7.1866846,6.0915103,7.256843,7.8925915,7.314501,6.711224,4.493142,5.9878387,6.869901,4.7963552,5.561095,6.488988
224,1.0090165,1.1146128,2.2320476,1.6154562,2.5533042,1.7021849,0.1281397,0.9305281,1.7537138,1.2549123,1.1624684,0.9812443,1.3325914,1.1638472,0.6158912
225,0.83571935,0.27513063,0.23729843,0.2111192,0.064665794,0.44090503,0.799992,0.7668178,0.69118685,0.81728065,1.7681304,0.5159149,0.028921677,0.6927898,0.7982778
226,0.91471994,1.1529806,1.0729272,0.47137684,1.4774572,0.5532711,0.024145246,0.38588667,0.4018744,1.1116567,0.2653457,0.09467765,0.1062225,1.3492221,0.06634922
227,0.2069299,0.12845156,0.023145752,0.09290361,0.13627446,0.23351462,0.3705212,0.051943753,0.5399028,0.13438883,0.075518675,0.02492505,0.034720037,0.13167104,0.25694498
228,0.264907,0.59228694,0.046219163,0.23340508,0.032044504,0.4980111,0.1143492,0.15662128,0.118018985,0.05265478,0.13785623,0.09206981,0.018957421,0.029403653,0.07841872
229,1.3494931,0.62365746,0.9155408,1.6171632,1.6852112,0.7089109,0.6714242,0.99682206,2.860804,0.65755266,0.8090605,0.37468594,0.51986516,0.7033859,1.8245934
230,1.132572,2.4101505,1.8170491,1.269095,0.2841601,2.5760508,2.281176,2.7983959,3.0866482,5.364334,0.673782,0.27409676,1.3216751,2.987375,3.2442439
231,5.0753202,3.7872455,2.9219668,3.3034856,4.1462264,3.870065,2.8537016,5.087242,0.63386184,1.98877,2.1764479,2.7890487,1.3088824,3.794553,2.0425906
232,5.7919245,8.050271,7.015134,7.0217543,5.8753457,7.547045,6.149447,6.178123,5.4499044,5.7000475,7.040753,7.8230233,5.2718196,6.2846556,7.002044
233,9.06909,8.177634,9.55004,7.6921167,10.014463,8.412307,7.2459574,8.497981,7.5853777,8.2529745,8.748086,10.772341,7.790519,8.346088,8.205428
234,10.528035,9.385664,7.010018,9.897675,11.100118,10.803504,9.686773,9.49243,11.902863,7.87883,11.015474,9.405557,11.647097,9.939216,9.9241705
235,6.061158,7.820864,9.26552,6.3573833,8.37009,7.0437326,7.582636,6.45553,7.4094157,7.934257,6.66523,6.4896107,8.865798,5.5336523,7.8790774
236,0.8743011,1.585922,2.6049464,1.226716,0.798174,1.3059286,1.7911199,0.38228953,1.2476811,2.5896392,2.3206103,2.6833713,1.3495214,1.0936542,0.5161424
237,0.42554855,0.0635111,0.07961996,0.072746925,0.03362632,0.025770001,0.3014715,0.015330271,0.054076705,0.9061906,0.106666,0.016707964,0.011452368,0.06329122,0.2694642
238,0.07986902,0.0658137,0.0160744,0.35738194,0.019937392,0.0077716764,0.016463537,0.09061348,0.17396694,0.010450984,0.050469514,0.41037118,0.040588323,0.56307375,0.039187934
239,0.15715243,0.04730206,0.086405605,0.03246775,0.250149,0.046751913,0.039180595,0.16907154,0.05138505,0.1744696,0.27212858,0.35639822,0.00302473,0.00824834,0.07808856
240,0.06533753,0.09280072,0.01168857,0.0120970765,0.033299044,0.037061132,0.04119853,0.19902565,0.061474975,0.014836417,0.116774835,0.15657474,0.0054784184,0.048985284,0.011423373
241,1.1717008,0.44462666,0.04770834,0.4950978,0.26708052,0.7916566,0.17829253,0.537588,1.3841145,0.39197248,0.8085555,0.27217725,1.1764061,0.15759662,0.21820876
242,0.6109803,2.416787,0.39821476,2.4665997,0.6958953,1.6244794,1.8910834,0.6141194,0.6698318,0.34873006,1.2276307,1.3615171,0.6322066,0.12889774,0.80602926
243,5.6663895,4.028503,3.3340993,4.2977686,1.6396832,3.1638606,3.6535444,2.4545693,1.3671763,2.5886881,4.784756,3.6033466,3.520199,3.1813161,9.68234
244,6.3503213,6.3293643,5.969768,6.951081,8.498323,7.3383427,7.515262,7.762331,6.720629,8.314465,6.8527,6.2370534,6.1285214,5.9443927,7.650638
245,7.5271063,8.6279125,9.352321,9.825457,9.027116,10.5112505,8.204232,11.936029,9.190629,7.3165536,7.1609983,9.466666,7.627601,9.200162,9.733274
246,9.877157,11.874717,11.001696,9.185669,9.27853,11.355842,8.899237,8.41715,10.389042,9.442595,7.6461005,8.621041,11.5198345,12.288188,9.305089
247,6.840866,5.347455,5.4800878,7.454667,9.571,4.905484,6.1386423,6.7914724,7.330805,8.720814,7.122095,7.1930156,6.1992803,7.56458,7.7422748
248,0.89198315,0.55997044,0.56437355,0.30985063,1.9889073,1.2637433,0.71099085,1.0526527,1.0717416,0.58027154,0.61511654,1.0334269,1.4048225,0.38648388,1.2582959
249,0.07433117,2.1063752,0.2251064,0.34164688,0.48851696,0.1964774,0.20603064,0.031824347,0.29706612,0.13579567,0.9981464,0.014975907,0.7614359,0.010602605,0.09376784
250,0.47589177,0.052239355,0.0036658866,0.031988706,0.8814555,0.27959237,0.015364913,0.049984656,0.018235845,0.01726821,0.19589528,0.1360857,0.022973122,0.22571614,0.6830005
